recept,kategorija
3603,s
3603,l
3603,a
3603,d
3603,i
3603,c
3603,e
12619,s
12619,l
12619,a
12619,d
12619,i
12619,c
12619,e
8100,s
8100,l
8100,a
8100,d
8100,i
8100,c
8100,e
5814,s
5814,l
5814,a
5814,d
5814,i
5814,c
5814,e
4364,s
4364,l
4364,a
4364,d
4364,i
4364,c
4364,e
9431,s
9431,l
9431,a
9431,d
9431,i
9431,c
9431,e
4026,z
4026,e
4026,l
4026,e
4026,n
4026,j
4026,a
4026,v
4026,n
4026,e
4026, 
4026,j
4026,e
4026,d
4026,i
6549,k
6549,r
6549,u
6549,h
1176,s
1176,l
1176,a
1176,d
1176,i
1176,c
1176,e
1773,p
1773,r
1773,i
1773,l
1773,o
1773,g
1773,e
4551,s
4551,l
4551,a
4551,d
4551,i
4551,c
4551,e
6221,s
6221,l
6221,a
6221,d
6221,i
6221,c
6221,e
2789,m
2789,e
2789,s
2789,n
2789,e
2789, 
2789,j
2789,e
2789,d
2789,i
5851,s
5851,l
5851,a
5851,d
5851,i
5851,c
5851,e
10070,s
10070,l
10070,a
10070,d
10070,i
10070,c
10070,e
11564,s
11564,l
11564,a
11564,d
11564,i
11564,c
11564,e
3309,m
3309,e
3309,s
3309,n
3309,e
3309, 
3309,j
3309,e
3309,d
3309,i
2785,s
2785,l
2785,a
2785,d
2785,i
2785,c
2785,e
6783,s
6783,l
6783,a
6783,d
6783,i
6783,c
6783,e
4670,s
4670,l
4670,a
4670,d
4670,i
4670,c
4670,e
4255,s
4255,l
4255,a
4255,d
4255,i
4255,c
4255,e
10197,z
10197,e
10197,l
10197,e
10197,n
10197,j
10197,a
10197,v
10197,n
10197,e
10197, 
10197,j
10197,e
10197,d
10197,i
5684,s
5684,l
5684,a
5684,d
5684,i
5684,c
5684,e
3866,s
3866,l
3866,a
3866,d
3866,i
3866,c
3866,e
17686,s
17686,l
17686,a
17686,d
17686,i
17686,c
17686,e
1426,s
1426,l
1426,a
1426,d
1426,i
1426,c
1426,e
1553,m
1553,e
1553,s
1553,n
1553,e
1553, 
1553,j
1553,e
1553,d
1553,i
17588,s
17588,l
17588,a
17588,d
17588,i
17588,c
17588,e
14811,s
14811,l
14811,a
14811,d
14811,i
14811,c
14811,e
6359,s
6359,l
6359,a
6359,d
6359,i
6359,c
6359,e
13180,s
13180,l
13180,a
13180,d
13180,i
13180,c
13180,e
14831,m
14831,e
14831,s
14831,n
14831,e
14831, 
14831,j
14831,e
14831,d
14831,i
2096,s
2096,l
2096,a
2096,d
2096,i
2096,c
2096,e
11044,s
11044,l
11044,a
11044,d
11044,i
11044,c
11044,e
13505,s
13505,l
13505,a
13505,d
13505,i
13505,c
13505,e
13016,s
13016,l
13016,a
13016,d
13016,i
13016,c
13016,e
13379,s
13379,l
13379,a
13379,d
13379,i
13379,c
13379,e
1190,s
1190,l
1190,a
1190,d
1190,i
1190,c
1190,e
4440,k
4440,r
4440,u
4440,h
65,m
65,e
65,s
65,n
65,e
65, 
65,j
65,e
65,d
65,i
4377,s
4377,l
4377,a
4377,d
4377,i
4377,c
4377,e
11201,p
11201,r
11201,i
11201,l
11201,o
11201,g
11201,e
14392,m
14392,e
14392,s
14392,n
14392,e
14392, 
14392,j
14392,e
14392,d
14392,i
14137,s
14137,l
14137,a
14137,d
14137,i
14137,c
14137,e
1667,s
1667,l
1667,a
1667,d
1667,i
1667,c
1667,e
13276,m
13276,e
13276,s
13276,n
13276,e
13276, 
13276,j
13276,e
13276,d
13276,i
16159,s
16159,l
16159,a
16159,d
16159,i
16159,c
16159,e
4123,s
4123,l
4123,a
4123,d
4123,i
4123,c
4123,e
16802,s
16802,l
16802,a
16802,d
16802,i
16802,c
16802,e
380,s
380,l
380,a
380,d
380,i
380,c
380,e
1670,e
1670,n
1670,o
1670,l
1670,o
1670,n
1670,č
1670,n
1670,i
1670,c
1670,e
3726,o
3726,z
3726,i
3726,m
3726,n
3726,i
3726,c
3726,a
6140,m
6140,e
6140,s
6140,n
6140,e
6140, 
6140,j
6140,e
6140,d
6140,i
1276,s
1276,l
1276,a
1276,d
1276,i
1276,c
1276,e
11629,k
11629,r
11629,u
11629,h
393,s
393,l
393,a
393,d
393,i
393,c
393,e
4000,s
4000,l
4000,a
4000,d
4000,i
4000,c
4000,e
7199,m
7199,e
7199,s
7199,n
7199,e
7199, 
7199,j
7199,e
7199,d
7199,i
6780,s
6780,l
6780,a
6780,d
6780,i
6780,c
6780,e
2706,s
2706,l
2706,a
2706,d
2706,i
2706,c
2706,e
5698,k
5698,r
5698,u
5698,h
12726,s
12726,l
12726,a
12726,d
12726,i
12726,c
12726,e
17720,s
17720,l
17720,a
17720,d
17720,i
17720,c
17720,e
19139,s
19139,l
19139,a
19139,d
19139,i
19139,c
19139,e
4178,s
4178,l
4178,a
4178,d
4178,i
4178,c
4178,e
9457,s
9457,l
9457,a
9457,d
9457,i
9457,c
9457,e
2192,e
2192,n
2192,o
2192,l
2192,o
2192,n
2192,č
2192,n
2192,i
2192,c
2192,e
15352,s
15352,l
15352,a
15352,d
15352,i
15352,c
15352,e
4663,s
4663,l
4663,a
4663,d
4663,i
4663,c
4663,e
1509,s
1509,l
1509,a
1509,d
1509,i
1509,c
1509,e
2728,s
2728,l
2728,a
2728,d
2728,i
2728,c
2728,e
13535,s
13535,l
13535,a
13535,d
13535,i
13535,c
13535,e
1736,s
1736,l
1736,a
1736,d
1736,i
1736,c
1736,e
10540,s
10540,l
10540,a
10540,d
10540,i
10540,c
10540,e
5044,m
5044,e
5044,s
5044,n
5044,e
5044, 
5044,j
5044,e
5044,d
5044,i
4842,s
4842,l
4842,a
4842,d
4842,i
4842,c
4842,e
4108,s
4108,l
4108,a
4108,d
4108,i
4108,c
4108,e
12037,s
12037,l
12037,a
12037,d
12037,i
12037,c
12037,e
141,s
141,l
141,a
141,d
141,i
141,c
141,e
1896,s
1896,l
1896,a
1896,d
1896,i
1896,c
1896,e
11754,s
11754,l
11754,a
11754,d
11754,i
11754,c
11754,e
378,s
378,l
378,a
378,d
378,i
378,c
378,e
9450,k
9450,r
9450,u
9450,h
410,s
410,l
410,a
410,d
410,i
410,c
410,e
10855,s
10855,l
10855,a
10855,d
10855,i
10855,c
10855,e
16994,s
16994,l
16994,a
16994,d
16994,i
16994,c
16994,e
12581,s
12581,l
12581,a
12581,d
12581,i
12581,c
12581,e
12221,s
12221,l
12221,a
12221,d
12221,i
12221,c
12221,e
1929,j
1929,u
1929,h
1929,e
1929, 
1929,i
1929,n
1929, 
1929,z
1929,a
1929,k
1929,u
1929,h
1929,e
1660,m
1660,e
1660,s
1660,n
1660,e
1660, 
1660,j
1660,e
1660,d
1660,i
2535,s
2535,l
2535,a
2535,d
2535,i
2535,c
2535,e
11585,s
11585,l
11585,a
11585,d
11585,i
11585,c
11585,e
6880,s
6880,l
6880,a
6880,d
6880,i
6880,c
6880,e
3158,o
3158,z
3158,i
3158,m
3158,n
3158,i
3158,c
3158,a
14346,s
14346,l
14346,a
14346,d
14346,i
14346,c
14346,e
5737,s
5737,l
5737,a
5737,d
5737,i
5737,c
5737,e
5428,j
5428,u
5428,h
5428,e
5428, 
5428,i
5428,n
5428, 
5428,z
5428,a
5428,k
5428,u
5428,h
5428,e
1957,s
1957,l
1957,a
1957,d
1957,i
1957,c
1957,e
5600,s
5600,l
5600,a
5600,d
5600,i
5600,c
5600,e
3387,o
3387,s
3387,t
3387,a
3387,l
3387,e
3387, 
3387,j
3387,e
3387,d
3387,i
3081,s
3081,l
3081,a
3081,d
3081,i
3081,c
3081,e
4104,s
4104,l
4104,a
4104,d
4104,i
4104,c
4104,e
5692,s
5692,l
5692,a
5692,d
5692,i
5692,c
5692,e
14759,s
14759,l
14759,a
14759,d
14759,i
14759,c
14759,e
3867,s
3867,l
3867,a
3867,d
3867,i
3867,c
3867,e
3618,s
3618,l
3618,a
3618,d
3618,i
3618,c
3618,e
1501,s
1501,l
1501,a
1501,d
1501,i
1501,c
1501,e
2054,p
2054,r
2054,i
2054,l
2054,o
2054,g
2054,e
4342,s
4342,l
4342,a
4342,d
4342,i
4342,c
4342,e
3914,o
3914,z
3914,i
3914,m
3914,n
3914,i
3914,c
3914,a
13212,s
13212,l
13212,a
13212,d
13212,i
13212,c
13212,e
10189,s
10189,l
10189,a
10189,d
10189,i
10189,c
10189,e
301,s
301,l
301,a
301,d
301,i
301,c
301,e
9777,z
9777,e
9777,l
9777,e
9777,n
9777,j
9777,a
9777,v
9777,n
9777,e
9777, 
9777,j
9777,e
9777,d
9777,i
13838,s
13838,l
13838,a
13838,d
13838,i
13838,c
13838,e
10155,s
10155,l
10155,a
10155,d
10155,i
10155,c
10155,e
5554,s
5554,l
5554,a
5554,d
5554,i
5554,c
5554,e
11757,s
11757,l
11757,a
11757,d
11757,i
11757,c
11757,e
10273,s
10273,l
10273,a
10273,d
10273,i
10273,c
10273,e
7200,s
7200,l
7200,a
7200,d
7200,i
7200,c
7200,e
2482,s
2482,l
2482,a
2482,d
2482,i
2482,c
2482,e
10373,n
10373,a
10373,p
10373,i
10373,t
10373,k
10373,i
10578,k
10578,r
10578,u
10578,h
2022,s
2022,l
2022,a
2022,d
2022,i
2022,c
2022,e
12615,k
12615,r
12615,u
12615,h
4543,s
4543,l
4543,a
4543,d
4543,i
4543,c
4543,e
3152,s
3152,l
3152,a
3152,d
3152,i
3152,c
3152,e
11562,m
11562,e
11562,s
11562,n
11562,e
11562, 
11562,j
11562,e
11562,d
11562,i
9494,p
9494,r
9494,e
9494,d
9494,j
9494,e
9494,d
9494,i
5510,s
5510,l
5510,a
5510,d
5510,i
5510,c
5510,e
6599,k
6599,r
6599,u
6599,h
10247,s
10247,l
10247,a
10247,d
10247,i
10247,c
10247,e
2271,s
2271,l
2271,a
2271,d
2271,i
2271,c
2271,e
9713,s
9713,l
9713,a
9713,d
9713,i
9713,c
9713,e
4972,s
4972,l
4972,a
4972,d
4972,i
4972,c
4972,e
5928,e
5928,n
5928,o
5928,l
5928,o
5928,n
5928,č
5928,n
5928,i
5928,c
5928,e
1371,m
1371,e
1371,s
1371,n
1371,e
1371, 
1371,j
1371,e
1371,d
1371,i
3232,s
3232,l
3232,a
3232,d
3232,i
3232,c
3232,e
2889,s
2889,l
2889,a
2889,d
2889,i
2889,c
2889,e
6439,s
6439,l
6439,a
6439,d
6439,i
6439,c
6439,e
6415,e
6415,n
6415,o
6415,l
6415,o
6415,n
6415,č
6415,n
6415,i
6415,c
6415,e
373,s
373,l
373,a
373,d
373,i
373,c
373,e
14695,p
14695,r
14695,i
14695,l
14695,o
14695,g
14695,e
14387,s
14387,l
14387,a
14387,d
14387,i
14387,c
14387,e
4142,z
4142,e
4142,l
4142,e
4142,n
4142,j
4142,a
4142,v
4142,n
4142,e
4142, 
4142,j
4142,e
4142,d
4142,i
10079,s
10079,l
10079,a
10079,d
10079,i
10079,c
10079,e
6387,s
6387,l
6387,a
6387,d
6387,i
6387,c
6387,e
13284,s
13284,i
13284,r
13284,o
13284,v
13284,e
13284, 
13284,j
13284,e
13284,d
13284,i
854,o
854,s
854,t
854,a
854,l
854,e
854, 
854,j
854,e
854,d
854,i
1390,s
1390,l
1390,a
1390,d
1390,i
1390,c
1390,e
7062,o
7062,z
7062,i
7062,m
7062,n
7062,i
7062,c
7062,a
5858,s
5858,l
5858,a
5858,d
5858,i
5858,c
5858,e
13432,m
13432,e
13432,s
13432,n
13432,e
13432, 
13432,j
13432,e
13432,d
13432,i
8139,s
8139,l
8139,a
8139,d
8139,i
8139,c
8139,e
4413,s
4413,l
4413,a
4413,d
4413,i
4413,c
4413,e
13727,s
13727,l
13727,a
13727,d
13727,i
13727,c
13727,e
10851,s
10851,l
10851,a
10851,d
10851,i
10851,c
10851,e
11944,k
11944,r
11944,u
11944,h
6670,p
6670,r
6670,e
6670,d
6670,j
6670,e
6670,d
6670,i
5350,s
5350,l
5350,a
5350,d
5350,i
5350,c
5350,e
8194,e
8194,k
8194,s
8194,o
8194,t
8194,i
8194,k
8194,a
17130,s
17130,l
17130,a
17130,d
17130,i
17130,c
17130,e
16858,s
16858,l
16858,a
16858,d
16858,i
16858,c
16858,e
12038,s
12038,l
12038,a
12038,d
12038,i
12038,c
12038,e
17146,s
17146,l
17146,a
17146,d
17146,i
17146,c
17146,e
6801,j
6801,u
6801,h
6801,e
6801, 
6801,i
6801,n
6801, 
6801,z
6801,a
6801,k
6801,u
6801,h
6801,e
9342,s
9342,l
9342,a
9342,d
9342,i
9342,c
9342,e
457,s
457,l
457,a
457,d
457,i
457,c
457,e
10205,m
10205,e
10205,s
10205,n
10205,e
10205, 
10205,j
10205,e
10205,d
10205,i
11694,j
11694,u
11694,h
11694,e
11694, 
11694,i
11694,n
11694, 
11694,z
11694,a
11694,k
11694,u
11694,h
11694,e
16806,s
16806,l
16806,a
16806,d
16806,i
16806,c
16806,e
11144,s
11144,l
11144,a
11144,d
11144,i
11144,c
11144,e
9745,s
9745,l
9745,a
9745,d
9745,i
9745,c
9745,e
1520,s
1520,l
1520,a
1520,d
1520,i
1520,c
1520,e
10408,s
10408,l
10408,a
10408,d
10408,i
10408,c
10408,e
12857,s
12857,l
12857,a
12857,d
12857,i
12857,c
12857,e
10602,m
10602,e
10602,s
10602,n
10602,e
10602, 
10602,j
10602,e
10602,d
10602,i
1699,s
1699,l
1699,a
1699,d
1699,i
1699,c
1699,e
6766,m
6766,e
6766,s
6766,n
6766,e
6766, 
6766,j
6766,e
6766,d
6766,i
4139,o
4139,z
4139,i
4139,m
4139,n
4139,i
4139,c
4139,a
3262,p
3262,r
3262,i
3262,k
3262,u
3262,h
3262,e
2481,s
2481,l
2481,a
2481,d
2481,i
2481,c
2481,e
4956,j
4956,u
4956,h
4956,e
4956, 
4956,i
4956,n
4956, 
4956,z
4956,a
4956,k
4956,u
4956,h
4956,e
2430,m
2430,e
2430,s
2430,n
2430,e
2430, 
2430,j
2430,e
2430,d
2430,i
12210,s
12210,l
12210,a
12210,d
12210,i
12210,c
12210,e
16782,o
16782,z
16782,i
16782,m
16782,n
16782,i
16782,c
16782,a
3263,k
3263,r
3263,u
3263,h
10410,k
10410,r
10410,u
10410,h
5163,m
5163,e
5163,s
5163,n
5163,e
5163, 
5163,j
5163,e
5163,d
5163,i
9677,s
9677,l
9677,a
9677,d
9677,i
9677,c
9677,e
5076,s
5076,i
5076,r
5076,o
5076,v
5076,e
5076, 
5076,j
5076,e
5076,d
5076,i
6213,s
6213,l
6213,a
6213,d
6213,i
6213,c
6213,e
5228,k
5228,r
5228,u
5228,h
11067,s
11067,l
11067,a
11067,d
11067,i
11067,c
11067,e
4630,s
4630,l
4630,a
4630,d
4630,i
4630,c
4630,e
3332,s
3332,l
3332,a
3332,d
3332,i
3332,c
3332,e
16589,s
16589,l
16589,a
16589,d
16589,i
16589,c
16589,e
683,s
683,l
683,a
683,d
683,i
683,c
683,e
6827,s
6827,l
6827,a
6827,d
6827,i
6827,c
6827,e
6285,t
6285,e
6285,s
6285,t
6285,e
6285,n
6285,i
6285,n
6285,e
5513,s
5513,l
5513,a
5513,d
5513,i
5513,c
5513,e
10074,s
10074,l
10074,a
10074,d
10074,i
10074,c
10074,e
17221,s
17221,l
17221,a
17221,d
17221,i
17221,c
17221,e
1758,k
1758,r
1758,u
1758,h
12041,k
12041,r
12041,u
12041,h
9797,s
9797,l
9797,a
9797,d
9797,i
9797,c
9797,e
1855,s
1855,l
1855,a
1855,d
1855,i
1855,c
1855,e
13328,p
13328,r
13328,e
13328,d
13328,j
13328,e
13328,d
13328,i
4608,p
4608,r
4608,i
4608,l
4608,o
4608,g
4608,e
18282,s
18282,l
18282,a
18282,d
18282,i
18282,c
18282,e
1926,s
1926,l
1926,a
1926,d
1926,i
1926,c
1926,e
4828,s
4828,l
4828,a
4828,d
4828,i
4828,c
4828,e
5886,s
5886,l
5886,a
5886,d
5886,i
5886,c
5886,e
1340,s
1340,l
1340,a
1340,d
1340,i
1340,c
1340,e
2032,s
2032,l
2032,a
2032,d
2032,i
2032,c
2032,e
13038,s
13038,l
13038,a
13038,d
13038,i
13038,c
13038,e
4372,s
4372,l
4372,a
4372,d
4372,i
4372,c
4372,e
9409,j
9409,u
9409,h
9409,e
9409, 
9409,i
9409,n
9409, 
9409,z
9409,a
9409,k
9409,u
9409,h
9409,e
13726,s
13726,l
13726,a
13726,d
13726,i
13726,c
13726,e
5766,s
5766,l
5766,a
5766,d
5766,i
5766,c
5766,e
5691,s
5691,l
5691,a
5691,d
5691,i
5691,c
5691,e
5047,s
5047,l
5047,a
5047,d
5047,i
5047,c
5047,e
4461,m
4461,o
4461,r
4461,s
4461,k
4461,a
4461, 
4461,h
4461,r
4461,a
4461,n
4461,a
6419,o
6419,z
6419,i
6419,m
6419,n
6419,i
6419,c
6419,a
4037,s
4037,l
4037,a
4037,d
4037,i
4037,c
4037,e
7125,s
7125,l
7125,a
7125,d
7125,i
7125,c
7125,e
14123,s
14123,l
14123,a
14123,d
14123,i
14123,c
14123,e
7171,o
7171,z
7171,i
7171,m
7171,n
7171,i
7171,c
7171,a
11526,z
11526,e
11526,l
11526,e
11526,n
11526,j
11526,a
11526,v
11526,n
11526,e
11526, 
11526,j
11526,e
11526,d
11526,i
4888,k
4888,r
4888,u
4888,h
10601,e
10601,n
10601,o
10601,l
10601,o
10601,n
10601,č
10601,n
10601,i
10601,c
10601,e
2428,s
2428,l
2428,a
2428,d
2428,i
2428,c
2428,e
11994,e
11994,n
11994,o
11994,l
11994,o
11994,n
11994,č
11994,n
11994,i
11994,c
11994,e
8164,g
8164,o
8164,b
8164,j
8164,e
8164, 
8164,j
8164,e
8164,d
8164,i
6063,s
6063,l
6063,a
6063,d
6063,i
6063,c
6063,e
15639,s
15639,l
15639,a
15639,d
15639,i
15639,c
15639,e
333,s
333,l
333,a
333,d
333,i
333,c
333,e
14062,z
14062,e
14062,l
14062,e
14062,n
14062,j
14062,a
14062,v
14062,n
14062,e
14062, 
14062,j
14062,e
14062,d
14062,i
10276,e
10276,n
10276,o
10276,l
10276,o
10276,n
10276,č
10276,n
10276,i
10276,c
10276,e
4164,s
4164,l
4164,a
4164,d
4164,i
4164,c
4164,e
7092,s
7092,l
7092,a
7092,d
7092,i
7092,c
7092,e
5937,e
5937,n
5937,o
5937,l
5937,o
5937,n
5937,č
5937,n
5937,i
5937,c
5937,e
6622,s
6622,l
6622,a
6622,d
6622,i
6622,c
6622,e
3300,s
3300,l
3300,a
3300,d
3300,i
3300,c
3300,e
17887,s
17887,l
17887,a
17887,d
17887,i
17887,c
17887,e
14228,p
14228,r
14228,i
14228,l
14228,o
14228,g
14228,e
18042,k
18042,r
18042,u
18042,h
10124,s
10124,l
10124,a
10124,d
10124,i
10124,c
10124,e
4768,k
4768,r
4768,u
4768,h
12329,s
12329,l
12329,a
12329,d
12329,i
12329,c
12329,e
2108,s
2108,l
2108,a
2108,d
2108,i
2108,c
2108,e
17668,s
17668,l
17668,a
17668,d
17668,i
17668,c
17668,e
17268,s
17268,l
17268,a
17268,d
17268,i
17268,c
17268,e
12042,s
12042,l
12042,a
12042,d
12042,i
12042,c
12042,e
12220,s
12220,l
12220,a
12220,d
12220,i
12220,c
12220,e
9693,p
9693,r
9693,i
9693,l
9693,o
9693,g
9693,e
4534,s
4534,l
4534,a
4534,d
4534,i
4534,c
4534,e
386,s
386,l
386,a
386,d
386,i
386,c
386,e
4964,k
4964,r
4964,u
4964,h
14254,s
14254,l
14254,a
14254,d
14254,i
14254,c
14254,e
16686,s
16686,l
16686,a
16686,d
16686,i
16686,c
16686,e
14873,z
14873,e
14873,l
14873,e
14873,n
14873,j
14873,a
14873,v
14873,n
14873,e
14873, 
14873,j
14873,e
14873,d
14873,i
11147,p
11147,r
11147,i
11147,l
11147,o
11147,g
11147,e
3073,m
3073,e
3073,s
3073,n
3073,e
3073, 
3073,j
3073,e
3073,d
3073,i
6337,s
6337,l
6337,a
6337,d
6337,i
6337,c
6337,e
6302,s
6302,l
6302,a
6302,d
6302,i
6302,c
6302,e
1860,m
1860,e
1860,s
1860,n
1860,e
1860, 
1860,j
1860,e
1860,d
1860,i
11986,s
11986,l
11986,a
11986,d
11986,i
11986,c
11986,e
6251,s
6251,l
6251,a
6251,d
6251,i
6251,c
6251,e
8226,o
8226,z
8226,i
8226,m
8226,n
8226,i
8226,c
8226,a
18195,s
18195,l
18195,a
18195,d
18195,i
18195,c
18195,e
4709,s
4709,l
4709,a
4709,d
4709,i
4709,c
4709,e
6566,m
6566,e
6566,s
6566,n
6566,e
6566, 
6566,j
6566,e
6566,d
6566,i
12572,s
12572,l
12572,a
12572,d
12572,i
12572,c
12572,e
3830,s
3830,l
3830,a
3830,d
3830,i
3830,c
3830,e
18232,s
18232,l
18232,a
18232,d
18232,i
18232,c
18232,e
9604,m
9604,e
9604,s
9604,n
9604,e
9604, 
9604,j
9604,e
9604,d
9604,i
11424,s
11424,l
11424,a
11424,d
11424,i
11424,c
11424,e
19348,k
19348,r
19348,u
19348,h
7116,s
7116,l
7116,a
7116,d
7116,i
7116,c
7116,e
866,z
866,e
866,l
866,e
866,n
866,j
866,a
866,v
866,n
866,e
866, 
866,j
866,e
866,d
866,i
10358,s
10358,l
10358,a
10358,d
10358,i
10358,c
10358,e
8284,p
8284,r
8284,i
8284,l
8284,o
8284,g
8284,e
1274,s
1274,l
1274,a
1274,d
1274,i
1274,c
1274,e
2649,p
2649,r
2649,i
2649,l
2649,o
2649,g
2649,e
1208,o
1208,m
1208,a
1208,k
1208,e
6850,s
6850,l
6850,a
6850,d
6850,i
6850,c
6850,e
2943,s
2943,l
2943,a
2943,d
2943,i
2943,c
2943,e
2028,s
2028,l
2028,a
2028,d
2028,i
2028,c
2028,e
14129,s
14129,l
14129,a
14129,d
14129,i
14129,c
14129,e
7129,s
7129,l
7129,a
7129,d
7129,i
7129,c
7129,e
14625,s
14625,l
14625,a
14625,d
14625,i
14625,c
14625,e
3695,z
3695,e
3695,l
3695,e
3695,n
3695,j
3695,a
3695,v
3695,n
3695,e
3695, 
3695,j
3695,e
3695,d
3695,i
6943,z
6943,e
6943,l
6943,e
6943,n
6943,j
6943,a
6943,v
6943,n
6943,e
6943, 
6943,j
6943,e
6943,d
6943,i
404,s
404,l
404,a
404,d
404,i
404,c
404,e
14691,s
14691,l
14691,a
14691,d
14691,i
14691,c
14691,e
4256,m
4256,e
4256,s
4256,n
4256,e
4256, 
4256,j
4256,e
4256,d
4256,i
4589,m
4589,e
4589,s
4589,n
4589,e
4589, 
4589,j
4589,e
4589,d
4589,i
11315,p
11315,r
11315,i
11315,l
11315,o
11315,g
11315,e
6841,s
6841,l
6841,a
6841,d
6841,i
6841,c
6841,e
11367,m
11367,e
11367,s
11367,n
11367,e
11367, 
11367,j
11367,e
11367,d
11367,i
4535,o
4535,m
4535,a
4535,k
4535,e
14851,s
14851,l
14851,a
14851,d
14851,i
14851,c
14851,e
12332,s
12332,l
12332,a
12332,d
12332,i
12332,c
12332,e
4702,s
4702,l
4702,a
4702,d
4702,i
4702,c
4702,e
7167,o
7167,z
7167,i
7167,m
7167,n
7167,i
7167,c
7167,a
2405,e
2405,n
2405,o
2405,l
2405,o
2405,n
2405,č
2405,n
2405,i
2405,c
2405,e
14421,e
14421,k
14421,s
14421,o
14421,t
14421,i
14421,k
14421,a
18344,s
18344,l
18344,a
18344,d
18344,i
18344,c
18344,e
5801,s
5801,l
5801,a
5801,d
5801,i
5801,c
5801,e
12807,m
12807,e
12807,s
12807,n
12807,e
12807, 
12807,j
12807,e
12807,d
12807,i
16693,s
16693,l
16693,a
16693,d
16693,i
16693,c
16693,e
17311,s
17311,l
17311,a
17311,d
17311,i
17311,c
17311,e
14477,p
14477,r
14477,e
14477,d
14477,j
14477,e
14477,d
14477,i
6523,s
6523,l
6523,a
6523,d
6523,i
6523,c
6523,e
4573,s
4573,l
4573,a
4573,d
4573,i
4573,c
4573,e
2924,m
2924,e
2924,s
2924,n
2924,e
2924, 
2924,j
2924,e
2924,d
2924,i
5034,k
5034,r
5034,u
5034,h
14884,m
14884,e
14884,s
14884,n
14884,e
14884, 
14884,j
14884,e
14884,d
14884,i
2267,s
2267,l
2267,a
2267,d
2267,i
2267,c
2267,e
2266,n
2266,a
2266,p
2266,i
2266,t
2266,k
2266,i
14375,s
14375,l
14375,a
14375,d
14375,i
14375,c
14375,e
8142,o
8142,z
8142,i
8142,m
8142,n
8142,i
8142,c
8142,a
4233,s
4233,l
4233,a
4233,d
4233,i
4233,c
4233,e
3787,k
3787,r
3787,u
3787,h
448,s
448,l
448,a
448,d
448,i
448,c
448,e
13927,t
13927,e
13927,s
13927,t
13927,e
13927,n
13927,i
13927,n
13927,e
13422,s
13422,l
13422,a
13422,d
13422,i
13422,c
13422,e
11270,s
11270,l
11270,a
11270,d
11270,i
11270,c
11270,e
3197,s
3197,l
3197,a
3197,d
3197,i
3197,c
3197,e
11088,s
11088,l
11088,a
11088,d
11088,i
11088,c
11088,e
3202,k
3202,r
3202,u
3202,h
5914,s
5914,l
5914,a
5914,d
5914,i
5914,c
5914,e
6042,p
6042,r
6042,i
6042,l
6042,o
6042,g
6042,e
10068,z
10068,e
10068,l
10068,e
10068,n
10068,j
10068,a
10068,v
10068,n
10068,e
10068, 
10068,j
10068,e
10068,d
10068,i
4835,k
4835,r
4835,u
4835,h
731,e
731,n
731,o
731,l
731,o
731,n
731,č
731,n
731,i
731,c
731,e
4733,k
4733,r
4733,u
4733,h
4153,o
4153,z
4153,i
4153,m
4153,n
4153,i
4153,c
4153,a
12364,s
12364,l
12364,a
12364,d
12364,i
12364,c
12364,e
2400,p
2400,r
2400,i
2400,l
2400,o
2400,g
2400,e
13801,s
13801,l
13801,a
13801,d
13801,i
13801,c
13801,e
6842,s
6842,l
6842,a
6842,d
6842,i
6842,c
6842,e
1620,m
1620,o
1620,r
1620,s
1620,k
1620,a
1620, 
1620,h
1620,r
1620,a
1620,n
1620,a
826,j
826,a
826,j
826,č
826,n
826,e
826, 
826,j
826,e
826,d
826,i
11126,s
11126,l
11126,a
11126,d
11126,i
11126,c
11126,e
10234,s
10234,l
10234,a
10234,d
10234,i
10234,c
10234,e
11283,s
11283,l
11283,a
11283,d
11283,i
11283,c
11283,e
9760,s
9760,l
9760,a
9760,d
9760,i
9760,c
9760,e
4808,s
4808,l
4808,a
4808,d
4808,i
4808,c
4808,e
13612,s
13612,l
13612,a
13612,d
13612,i
13612,c
13612,e
11510,o
11510,z
11510,i
11510,m
11510,n
11510,i
11510,c
11510,a
14193,s
14193,l
14193,a
14193,d
14193,i
14193,c
14193,e
10202,p
10202,r
10202,e
10202,d
10202,j
10202,e
10202,d
10202,i
11662,m
11662,e
11662,s
11662,n
11662,e
11662, 
11662,j
11662,e
11662,d
11662,i
6487,m
6487,e
6487,s
6487,n
6487,e
6487, 
6487,j
6487,e
6487,d
6487,i
445,s
445,l
445,a
445,d
445,i
445,c
445,e
17563,s
17563,l
17563,a
17563,d
17563,i
17563,c
17563,e
18376,k
18376,r
18376,u
18376,h
20194,k
20194,r
20194,u
20194,h
1457,s
1457,l
1457,a
1457,d
1457,i
1457,c
1457,e
9699,s
9699,l
9699,a
9699,d
9699,i
9699,c
9699,e
5650,s
5650,l
5650,a
5650,d
5650,i
5650,c
5650,e
1250,o
1250,z
1250,i
1250,m
1250,n
1250,i
1250,c
1250,a
12560,s
12560,l
12560,a
12560,d
12560,i
12560,c
12560,e
1401,p
1401,r
1401,e
1401,d
1401,j
1401,e
1401,d
1401,i
11987,m
11987,e
11987,s
11987,n
11987,e
11987, 
11987,j
11987,e
11987,d
11987,i
11357,k
11357,r
11357,u
11357,h
3454,s
3454,l
3454,a
3454,d
3454,i
3454,c
3454,e
6897,s
6897,l
6897,a
6897,d
6897,i
6897,c
6897,e
5469,s
5469,l
5469,a
5469,d
5469,i
5469,c
5469,e
3524,s
3524,l
3524,a
3524,d
3524,i
3524,c
3524,e
6488,s
6488,l
6488,a
6488,d
6488,i
6488,c
6488,e
6745,s
6745,l
6745,a
6745,d
6745,i
6745,c
6745,e
4345,s
4345,i
4345,r
4345,o
4345,v
4345,e
4345, 
4345,j
4345,e
4345,d
4345,i
1806,s
1806,l
1806,a
1806,d
1806,i
1806,c
1806,e
2157,s
2157,l
2157,a
2157,d
2157,i
2157,c
2157,e
2087,s
2087,l
2087,a
2087,d
2087,i
2087,c
2087,e
10137,s
10137,l
10137,a
10137,d
10137,i
10137,c
10137,e
9538,o
9538,m
9538,a
9538,k
9538,e
11590,s
11590,l
11590,a
11590,d
11590,i
11590,c
11590,e
1956,p
1956,r
1956,i
1956,l
1956,o
1956,g
1956,e
10267,s
10267,l
10267,a
10267,d
10267,i
10267,c
10267,e
11865,z
11865,e
11865,l
11865,e
11865,n
11865,j
11865,a
11865,v
11865,n
11865,e
11865, 
11865,j
11865,e
11865,d
11865,i
3818,s
3818,l
3818,a
3818,d
3818,i
3818,c
3818,e
4699,e
4699,n
4699,o
4699,l
4699,o
4699,n
4699,č
4699,n
4699,i
4699,c
4699,e
3447,s
3447,l
3447,a
3447,d
3447,i
3447,c
3447,e
14227,s
14227,l
14227,a
14227,d
14227,i
14227,c
14227,e
19283,s
19283,l
19283,a
19283,d
19283,i
19283,c
19283,e
1138,j
1138,u
1138,h
1138,e
1138, 
1138,i
1138,n
1138, 
1138,z
1138,a
1138,k
1138,u
1138,h
1138,e
6133,s
6133,l
6133,a
6133,d
6133,i
6133,c
6133,e
5522,m
5522,e
5522,s
5522,n
5522,e
5522, 
5522,j
5522,e
5522,d
5522,i
6031,t
6031,e
6031,s
6031,t
6031,e
6031,n
6031,i
6031,n
6031,e
5453,s
5453,l
5453,a
5453,d
5453,i
5453,c
5453,e
10832,s
10832,l
10832,a
10832,d
10832,i
10832,c
10832,e
128,s
128,i
128,r
128,o
128,v
128,e
128, 
128,j
128,e
128,d
128,i
783,s
783,l
783,a
783,d
783,i
783,c
783,e
10741,s
10741,l
10741,a
10741,d
10741,i
10741,c
10741,e
2472,e
2472,n
2472,o
2472,l
2472,o
2472,n
2472,č
2472,n
2472,i
2472,c
2472,e
15076,k
15076,r
15076,u
15076,h
11972,s
11972,l
11972,a
11972,d
11972,i
11972,c
11972,e
5917,s
5917,l
5917,a
5917,d
5917,i
5917,c
5917,e
13541,k
13541,r
13541,u
13541,h
14476,e
14476,k
14476,s
14476,o
14476,t
14476,i
14476,k
14476,a
17726,s
17726,l
17726,a
17726,d
17726,i
17726,c
17726,e
3049,s
3049,l
3049,a
3049,d
3049,i
3049,c
3049,e
5689,s
5689,l
5689,a
5689,d
5689,i
5689,c
5689,e
12144,m
12144,e
12144,s
12144,n
12144,e
12144, 
12144,j
12144,e
12144,d
12144,i
3854,s
3854,l
3854,a
3854,d
3854,i
3854,c
3854,e
5548,s
5548,l
5548,a
5548,d
5548,i
5548,c
5548,e
5206,o
5206,z
5206,i
5206,m
5206,n
5206,i
5206,c
5206,a
4689,k
4689,r
4689,u
4689,h
4380,p
4380,r
4380,i
4380,l
4380,o
4380,g
4380,e
6614,p
6614,r
6614,e
6614,d
6614,j
6614,e
6614,d
6614,i
13687,s
13687,l
13687,a
13687,d
13687,i
13687,c
13687,e
1946,s
1946,l
1946,a
1946,d
1946,i
1946,c
1946,e
4959,s
4959,l
4959,a
4959,d
4959,i
4959,c
4959,e
11969,s
11969,l
11969,a
11969,d
11969,i
11969,c
11969,e
8403,m
8403,e
8403,s
8403,n
8403,e
8403, 
8403,j
8403,e
8403,d
8403,i
4458,s
4458,l
4458,a
4458,d
4458,i
4458,c
4458,e
1334,s
1334,l
1334,a
1334,d
1334,i
1334,c
1334,e
5579,k
5579,r
5579,u
5579,h
10088,s
10088,l
10088,a
10088,d
10088,i
10088,c
10088,e
4788,s
4788,l
4788,a
4788,d
4788,i
4788,c
4788,e
4517,e
4517,k
4517,s
4517,o
4517,t
4517,i
4517,k
4517,a
1774,p
1774,r
1774,i
1774,l
1774,o
1774,g
1774,e
3984,s
3984,l
3984,a
3984,d
3984,i
3984,c
3984,e
16857,s
16857,l
16857,a
16857,d
16857,i
16857,c
16857,e
9530,e
9530,k
9530,s
9530,o
9530,t
9530,i
9530,k
9530,a
6563,s
6563,l
6563,a
6563,d
6563,i
6563,c
6563,e
7050,s
7050,l
7050,a
7050,d
7050,i
7050,c
7050,e
436,s
436,l
436,a
436,d
436,i
436,c
436,e
6424,s
6424,l
6424,a
6424,d
6424,i
6424,c
6424,e
5533,k
5533,r
5533,u
5533,h
18258,k
18258,r
18258,u
18258,h
12299,t
12299,e
12299,s
12299,t
12299,e
12299,n
12299,i
12299,n
12299,e
17572,o
17572,z
17572,i
17572,m
17572,n
17572,i
17572,c
17572,a
4130,e
4130,n
4130,o
4130,l
4130,o
4130,n
4130,č
4130,n
4130,i
4130,c
4130,e
5576,p
5576,r
5576,i
5576,l
5576,o
5576,g
5576,e
7152,p
7152,r
7152,i
7152,l
7152,o
7152,g
7152,e
5879,s
5879,l
5879,a
5879,d
5879,i
5879,c
5879,e
16958,s
16958,o
16958,l
16958,a
16958,t
16958,e
1750,s
1750,l
1750,a
1750,d
1750,i
1750,c
1750,e
15510,s
15510,l
15510,a
15510,d
15510,i
15510,c
15510,e
8171,m
8171,e
8171,s
8171,n
8171,e
8171, 
8171,j
8171,e
8171,d
8171,i
10889,s
10889,l
10889,a
10889,d
10889,i
10889,c
10889,e
5680,s
5680,l
5680,a
5680,d
5680,i
5680,c
5680,e
4101,s
4101,l
4101,a
4101,d
4101,i
4101,c
4101,e
4302,s
4302,l
4302,a
4302,d
4302,i
4302,c
4302,e
10259,s
10259,l
10259,a
10259,d
10259,i
10259,c
10259,e
9493,s
9493,l
9493,a
9493,d
9493,i
9493,c
9493,e
10538,o
10538,z
10538,i
10538,m
10538,n
10538,i
10538,c
10538,a
11435,m
11435,e
11435,s
11435,n
11435,e
11435, 
11435,j
11435,e
11435,d
11435,i
12416,k
12416,r
12416,u
12416,h
14559,s
14559,l
14559,a
14559,d
14559,i
14559,c
14559,e
13235,j
13235,u
13235,h
13235,e
13235, 
13235,i
13235,n
13235, 
13235,z
13235,a
13235,k
13235,u
13235,h
13235,e
5017,s
5017,l
5017,a
5017,d
5017,i
5017,c
5017,e
3362,s
3362,i
3362,r
3362,o
3362,v
3362,e
3362, 
3362,j
3362,e
3362,d
3362,i
10121,s
10121,l
10121,a
10121,d
10121,i
10121,c
10121,e
11249,s
11249,l
11249,a
11249,d
11249,i
11249,c
11249,e
11308,j
11308,u
11308,h
11308,e
11308, 
11308,i
11308,n
11308, 
11308,z
11308,a
11308,k
11308,u
11308,h
11308,e
19514,s
19514,l
19514,a
19514,d
19514,i
19514,c
19514,e
14047,s
14047,l
14047,a
14047,d
14047,i
14047,c
14047,e
16498,m
16498,e
16498,s
16498,n
16498,e
16498, 
16498,j
16498,e
16498,d
16498,i
9545,s
9545,l
9545,a
9545,d
9545,i
9545,c
9545,e
5705,s
5705,l
5705,a
5705,d
5705,i
5705,c
5705,e
13756,s
13756,l
13756,a
13756,d
13756,i
13756,c
13756,e
5251,s
5251,l
5251,a
5251,d
5251,i
5251,c
5251,e
5082,p
5082,r
5082,e
5082,d
5082,j
5082,e
5082,d
5082,i
11073,s
11073,l
11073,a
11073,d
11073,i
11073,c
11073,e
6400,m
6400,e
6400,s
6400,n
6400,e
6400, 
6400,j
6400,e
6400,d
6400,i
14107,m
14107,e
14107,s
14107,n
14107,e
14107, 
14107,j
14107,e
14107,d
14107,i
10575,k
10575,r
10575,u
10575,h
2478,e
2478,n
2478,o
2478,l
2478,o
2478,n
2478,č
2478,n
2478,i
2478,c
2478,e
12685,s
12685,l
12685,a
12685,d
12685,i
12685,c
12685,e
14649,s
14649,l
14649,a
14649,d
14649,i
14649,c
14649,e
3670,m
3670,o
3670,r
3670,s
3670,k
3670,a
3670, 
3670,h
3670,r
3670,a
3670,n
3670,a
16199,n
16199,a
16199,p
16199,i
16199,t
16199,k
16199,i
5647,o
5647,z
5647,i
5647,m
5647,n
5647,i
5647,c
5647,a
2468,s
2468,l
2468,a
2468,d
2468,i
2468,c
2468,e
13790,s
13790,l
13790,a
13790,d
13790,i
13790,c
13790,e
12834,o
12834,z
12834,i
12834,m
12834,n
12834,i
12834,c
12834,a
11152,s
11152,l
11152,a
11152,d
11152,i
11152,c
11152,e
6135,o
6135,m
6135,a
6135,k
6135,e
5888,s
5888,l
5888,a
5888,d
5888,i
5888,c
5888,e
3494,j
3494,a
3494,j
3494,č
3494,n
3494,e
3494, 
3494,j
3494,e
3494,d
3494,i
13940,o
13940,z
13940,i
13940,m
13940,n
13940,i
13940,c
13940,a
5927,s
5927,l
5927,a
5927,d
5927,i
5927,c
5927,e
6320,s
6320,l
6320,a
6320,d
6320,i
6320,c
6320,e
2671,s
2671,o
2671,l
2671,a
2671,t
2671,e
258,s
258,o
258,l
258,a
258,t
258,e
3055,o
3055,s
3055,t
3055,a
3055,l
3055,e
3055, 
3055,j
3055,e
3055,d
3055,i
17823,s
17823,l
17823,a
17823,d
17823,i
17823,c
17823,e
5964,z
5964,e
5964,l
5964,e
5964,n
5964,j
5964,a
5964,v
5964,n
5964,e
5964, 
5964,j
5964,e
5964,d
5964,i
4384,k
4384,r
4384,u
4384,h
11014,j
11014,u
11014,h
11014,e
11014, 
11014,i
11014,n
11014, 
11014,z
11014,a
11014,k
11014,u
11014,h
11014,e
2956,n
2956,a
2956,p
2956,i
2956,t
2956,k
2956,i
10132,s
10132,l
10132,a
10132,d
10132,i
10132,c
10132,e
5671,s
5671,l
5671,a
5671,d
5671,i
5671,c
5671,e
15953,s
15953,l
15953,a
15953,d
15953,i
15953,c
15953,e
10279,s
10279,l
10279,a
10279,d
10279,i
10279,c
10279,e
2035,s
2035,l
2035,a
2035,d
2035,i
2035,c
2035,e
2407,s
2407,l
2407,a
2407,d
2407,i
2407,c
2407,e
6413,z
6413,e
6413,l
6413,e
6413,n
6413,j
6413,a
6413,v
6413,n
6413,e
6413, 
6413,j
6413,e
6413,d
6413,i
4149,k
4149,r
4149,u
4149,h
3690,s
3690,l
3690,a
3690,d
3690,i
3690,c
3690,e
10931,s
10931,l
10931,a
10931,d
10931,i
10931,c
10931,e
14002,s
14002,l
14002,a
14002,d
14002,i
14002,c
14002,e
8244,z
8244,e
8244,l
8244,e
8244,n
8244,j
8244,a
8244,v
8244,n
8244,e
8244, 
8244,j
8244,e
8244,d
8244,i
3834,e
3834,k
3834,s
3834,o
3834,t
3834,i
3834,k
3834,a
7089,m
7089,e
7089,s
7089,n
7089,e
7089, 
7089,j
7089,e
7089,d
7089,i
5926,s
5926,l
5926,a
5926,d
5926,i
5926,c
5926,e
131,t
131,e
131,s
131,t
131,e
131,n
131,i
131,n
131,e
16032,s
16032,l
16032,a
16032,d
16032,i
16032,c
16032,e
1633,s
1633,l
1633,a
1633,d
1633,i
1633,c
1633,e
5667,s
5667,l
5667,a
5667,d
5667,i
5667,c
5667,e
329,s
329,l
329,a
329,d
329,i
329,c
329,e
302,s
302,l
302,a
302,d
302,i
302,c
302,e
4784,s
4784,l
4784,a
4784,d
4784,i
4784,c
4784,e
8177,e
8177,n
8177,o
8177,l
8177,o
8177,n
8177,č
8177,n
8177,i
8177,c
8177,e
10498,e
10498,k
10498,s
10498,o
10498,t
10498,i
10498,k
10498,a
6065,s
6065,l
6065,a
6065,d
6065,i
6065,c
6065,e
5717,t
5717,e
5717,s
5717,t
5717,e
5717,n
5717,i
5717,n
5717,e
11910,s
11910,l
11910,a
11910,d
11910,i
11910,c
11910,e
1336,m
1336,e
1336,s
1336,n
1336,e
1336, 
1336,j
1336,e
1336,d
1336,i
9627,s
9627,l
9627,a
9627,d
9627,i
9627,c
9627,e
5357,s
5357,l
5357,a
5357,d
5357,i
5357,c
5357,e
2418,s
2418,l
2418,a
2418,d
2418,i
2418,c
2418,e
1755,s
1755,l
1755,a
1755,d
1755,i
1755,c
1755,e
8103,s
8103,l
8103,a
8103,d
8103,i
8103,c
8103,e
23,e
23,n
23,o
23,l
23,o
23,n
23,č
23,n
23,i
23,c
23,e
3543,s
3543,l
3543,a
3543,d
3543,i
3543,c
3543,e
6986,e
6986,k
6986,s
6986,o
6986,t
6986,i
6986,k
6986,a
10947,s
10947,l
10947,a
10947,d
10947,i
10947,c
10947,e
10550,m
10550,e
10550,s
10550,n
10550,e
10550, 
10550,j
10550,e
10550,d
10550,i
2358,s
2358,l
2358,a
2358,d
2358,i
2358,c
2358,e
8293,s
8293,l
8293,a
8293,d
8293,i
8293,c
8293,e
10811,s
10811,l
10811,a
10811,d
10811,i
10811,c
10811,e
12341,s
12341,l
12341,a
12341,d
12341,i
12341,c
12341,e
4289,t
4289,e
4289,s
4289,t
4289,e
4289,n
4289,i
4289,n
4289,e
8291,s
8291,l
8291,a
8291,d
8291,i
8291,c
8291,e
9882,s
9882,l
9882,a
9882,d
9882,i
9882,c
9882,e
9406,s
9406,l
9406,a
9406,d
9406,i
9406,c
9406,e
9371,z
9371,e
9371,l
9371,e
9371,n
9371,j
9371,a
9371,v
9371,n
9371,e
9371, 
9371,j
9371,e
9371,d
9371,i
10278,s
10278,l
10278,a
10278,d
10278,i
10278,c
10278,e
19302,s
19302,l
19302,a
19302,d
19302,i
19302,c
19302,e
17224,s
17224,l
17224,a
17224,d
17224,i
17224,c
17224,e
12062,s
12062,l
12062,a
12062,d
12062,i
12062,c
12062,e
324,s
324,l
324,a
324,d
324,i
324,c
324,e
14218,s
14218,l
14218,a
14218,d
14218,i
14218,c
14218,e
4653,s
4653,l
4653,a
4653,d
4653,i
4653,c
4653,e
14451,p
14451,r
14451,i
14451,l
14451,o
14451,g
14451,e
5582,s
5582,l
5582,a
5582,d
5582,i
5582,c
5582,e
15861,s
15861,l
15861,a
15861,d
15861,i
15861,c
15861,e
13340,s
13340,l
13340,a
13340,d
13340,i
13340,c
13340,e
6371,o
6371,s
6371,t
6371,a
6371,l
6371,e
6371, 
6371,j
6371,e
6371,d
6371,i
15605,k
15605,r
15605,u
15605,h
12199,j
12199,a
12199,j
12199,č
12199,n
12199,e
12199, 
12199,j
12199,e
12199,d
12199,i
15442,p
15442,r
15442,e
15442,d
15442,j
15442,e
15442,d
15442,i
3417,s
3417,l
3417,a
3417,d
3417,i
3417,c
3417,e
1894,s
1894,l
1894,a
1894,d
1894,i
1894,c
1894,e
13558,o
13558,z
13558,i
13558,m
13558,n
13558,i
13558,c
13558,a
6292,e
6292,n
6292,o
6292,l
6292,o
6292,n
6292,č
6292,n
6292,i
6292,c
6292,e
3823,s
3823,l
3823,a
3823,d
3823,i
3823,c
3823,e
4969,s
4969,l
4969,a
4969,d
4969,i
4969,c
4969,e
13819,s
13819,l
13819,a
13819,d
13819,i
13819,c
13819,e
9966,z
9966,e
9966,l
9966,e
9966,n
9966,j
9966,a
9966,v
9966,n
9966,e
9966, 
9966,j
9966,e
9966,d
9966,i
6682,p
6682,r
6682,e
6682,d
6682,j
6682,e
6682,d
6682,i
9355,s
9355,l
9355,a
9355,d
9355,i
9355,c
9355,e
10606,s
10606,l
10606,a
10606,d
10606,i
10606,c
10606,e
14372,s
14372,l
14372,a
14372,d
14372,i
14372,c
14372,e
6671,e
6671,n
6671,o
6671,l
6671,o
6671,n
6671,č
6671,n
6671,i
6671,c
6671,e
216,m
216,o
216,r
216,s
216,k
216,a
216, 
216,h
216,r
216,a
216,n
216,a
14781,p
14781,r
14781,i
14781,l
14781,o
14781,g
14781,e
20057,s
20057,l
20057,a
20057,d
20057,i
20057,c
20057,e
8228,s
8228,l
8228,a
8228,d
8228,i
8228,c
8228,e
125,p
125,r
125,i
125,l
125,o
125,g
125,e
4736,s
4736,l
4736,a
4736,d
4736,i
4736,c
4736,e
12528,s
12528,l
12528,a
12528,d
12528,i
12528,c
12528,e
11183,g
11183,o
11183,b
11183,j
11183,e
11183, 
11183,j
11183,e
11183,d
11183,i
6283,s
6283,i
6283,r
6283,o
6283,v
6283,e
6283, 
6283,j
6283,e
6283,d
6283,i
11577,p
11577,r
11577,i
11577,l
11577,o
11577,g
11577,e
8308,s
8308,l
8308,a
8308,d
8308,i
8308,c
8308,e
14777,m
14777,e
14777,s
14777,n
14777,e
14777, 
14777,j
14777,e
14777,d
14777,i
18083,s
18083,l
18083,a
18083,d
18083,i
18083,c
18083,e
4335,s
4335,l
4335,a
4335,d
4335,i
4335,c
4335,e
13324,s
13324,l
13324,a
13324,d
13324,i
13324,c
13324,e
9537,s
9537,l
9537,a
9537,d
9537,i
9537,c
9537,e
6610,j
6610,u
6610,h
6610,e
6610, 
6610,i
6610,n
6610, 
6610,z
6610,a
6610,k
6610,u
6610,h
6610,e
15948,s
15948,l
15948,a
15948,d
15948,i
15948,c
15948,e
10330,p
10330,r
10330,i
10330,l
10330,o
10330,g
10330,e
13398,s
13398,l
13398,a
13398,d
13398,i
13398,c
13398,e
12580,s
12580,l
12580,a
12580,d
12580,i
12580,c
12580,e
7002,s
7002,l
7002,a
7002,d
7002,i
7002,c
7002,e
17327,s
17327,l
17327,a
17327,d
17327,i
17327,c
17327,e
3047,e
3047,k
3047,s
3047,o
3047,t
3047,i
3047,k
3047,a
6229,o
6229,s
6229,t
6229,a
6229,l
6229,e
6229, 
6229,j
6229,e
6229,d
6229,i
13309,s
13309,l
13309,a
13309,d
13309,i
13309,c
13309,e
17998,k
17998,r
17998,u
17998,h
6483,s
6483,l
6483,a
6483,d
6483,i
6483,c
6483,e
3660,m
3660,e
3660,s
3660,n
3660,e
3660, 
3660,j
3660,e
3660,d
3660,i
62,m
62,e
62,s
62,n
62,e
62, 
62,j
62,e
62,d
62,i
5890,s
5890,l
5890,a
5890,d
5890,i
5890,c
5890,e
14036,s
14036,l
14036,a
14036,d
14036,i
14036,c
14036,e
5383,m
5383,e
5383,s
5383,n
5383,e
5383, 
5383,j
5383,e
5383,d
5383,i
14600,t
14600,e
14600,s
14600,t
14600,e
14600,n
14600,i
14600,n
14600,e
10196,p
10196,r
10196,e
10196,d
10196,j
10196,e
10196,d
10196,i
2262,s
2262,l
2262,a
2262,d
2262,i
2262,c
2262,e
6598,z
6598,e
6598,l
6598,e
6598,n
6598,j
6598,a
6598,v
6598,n
6598,e
6598, 
6598,j
6598,e
6598,d
6598,i
11922,e
11922,n
11922,o
11922,l
11922,o
11922,n
11922,č
11922,n
11922,i
11922,c
11922,e
11,j
11,u
11,h
11,e
11, 
11,i
11,n
11, 
11,z
11,a
11,k
11,u
11,h
11,e
5865,s
5865,l
5865,a
5865,d
5865,i
5865,c
5865,e
10918,s
10918,l
10918,a
10918,d
10918,i
10918,c
10918,e
5114,s
5114,l
5114,a
5114,d
5114,i
5114,c
5114,e
11519,k
11519,r
11519,u
11519,h
4907,e
4907,n
4907,o
4907,l
4907,o
4907,n
4907,č
4907,n
4907,i
4907,c
4907,e
5138,s
5138,l
5138,a
5138,d
5138,i
5138,c
5138,e
12882,s
12882,l
12882,a
12882,d
12882,i
12882,c
12882,e
6467,s
6467,l
6467,a
6467,d
6467,i
6467,c
6467,e
6568,s
6568,l
6568,a
6568,d
6568,i
6568,c
6568,e
3635,s
3635,i
3635,r
3635,o
3635,v
3635,e
3635, 
3635,j
3635,e
3635,d
3635,i
9949,p
9949,r
9949,i
9949,l
9949,o
9949,g
9949,e
9738,s
9738,l
9738,a
9738,d
9738,i
9738,c
9738,e
10078,s
10078,l
10078,a
10078,d
10078,i
10078,c
10078,e
3094,s
3094,l
3094,a
3094,d
3094,i
3094,c
3094,e
1522,s
1522,l
1522,a
1522,d
1522,i
1522,c
1522,e
10393,s
10393,o
10393,l
10393,a
10393,t
10393,e
2662,s
2662,l
2662,a
2662,d
2662,i
2662,c
2662,e
17452,s
17452,l
17452,a
17452,d
17452,i
17452,c
17452,e
15872,m
15872,e
15872,s
15872,n
15872,e
15872, 
15872,j
15872,e
15872,d
15872,i
115,p
115,r
115,i
115,l
115,o
115,g
115,e
1449,s
1449,l
1449,a
1449,d
1449,i
1449,c
1449,e
2916,s
2916,l
2916,a
2916,d
2916,i
2916,c
2916,e
2675,s
2675,l
2675,a
2675,d
2675,i
2675,c
2675,e
12243,s
12243,l
12243,a
12243,d
12243,i
12243,c
12243,e
7219,s
7219,l
7219,a
7219,d
7219,i
7219,c
7219,e
4597,p
4597,r
4597,e
4597,d
4597,j
4597,e
4597,d
4597,i
11810,g
11810,o
11810,b
11810,j
11810,e
11810, 
11810,j
11810,e
11810,d
11810,i
5707,s
5707,l
5707,a
5707,d
5707,i
5707,c
5707,e
5712,s
5712,l
5712,a
5712,d
5712,i
5712,c
5712,e
13787,e
13787,k
13787,s
13787,o
13787,t
13787,i
13787,k
13787,a
15606,o
15606,z
15606,i
15606,m
15606,n
15606,i
15606,c
15606,a
19063,s
19063,l
19063,a
19063,d
19063,i
19063,c
19063,e
3721,p
3721,r
3721,i
3721,l
3721,o
3721,g
3721,e
20339,s
20339,l
20339,a
20339,d
20339,i
20339,c
20339,e
6912,s
6912,l
6912,a
6912,d
6912,i
6912,c
6912,e
19352,s
19352,l
19352,a
19352,d
19352,i
19352,c
19352,e
16897,m
16897,e
16897,s
16897,n
16897,e
16897, 
16897,j
16897,e
16897,d
16897,i
2540,j
2540,a
2540,j
2540,č
2540,n
2540,e
2540, 
2540,j
2540,e
2540,d
2540,i
4599,o
4599,s
4599,t
4599,a
4599,l
4599,e
4599, 
4599,j
4599,e
4599,d
4599,i
6112,s
6112,l
6112,a
6112,d
6112,i
6112,c
6112,e
18051,k
18051,r
18051,u
18051,h
10127,s
10127,l
10127,a
10127,d
10127,i
10127,c
10127,e
13886,s
13886,l
13886,a
13886,d
13886,i
13886,c
13886,e
7249,o
7249,z
7249,i
7249,m
7249,n
7249,i
7249,c
7249,a
6227,z
6227,e
6227,l
6227,e
6227,n
6227,j
6227,a
6227,v
6227,n
6227,e
6227, 
6227,j
6227,e
6227,d
6227,i
3679,o
3679,s
3679,t
3679,a
3679,l
3679,e
3679, 
3679,j
3679,e
3679,d
3679,i
2972,z
2972,e
2972,l
2972,e
2972,n
2972,j
2972,a
2972,v
2972,n
2972,e
2972, 
2972,j
2972,e
2972,d
2972,i
9404,m
9404,o
9404,r
9404,s
9404,k
9404,a
9404, 
9404,h
9404,r
9404,a
9404,n
9404,a
1518,s
1518,l
1518,a
1518,d
1518,i
1518,c
1518,e
13889,k
13889,r
13889,u
13889,h
13149,s
13149,l
13149,a
13149,d
13149,i
13149,c
13149,e
4790,s
4790,l
4790,a
4790,d
4790,i
4790,c
4790,e
6493,s
6493,o
6493,l
6493,a
6493,t
6493,e
14939,e
14939,n
14939,o
14939,l
14939,o
14939,n
14939,č
14939,n
14939,i
14939,c
14939,e
6136,s
6136,l
6136,a
6136,d
6136,i
6136,c
6136,e
8336,m
8336,e
8336,s
8336,n
8336,e
8336, 
8336,j
8336,e
8336,d
8336,i
12707,z
12707,e
12707,l
12707,e
12707,n
12707,j
12707,a
12707,v
12707,n
12707,e
12707, 
12707,j
12707,e
12707,d
12707,i
13185,s
13185,l
13185,a
13185,d
13185,i
13185,c
13185,e
14381,s
14381,l
14381,a
14381,d
14381,i
14381,c
14381,e
13583,k
13583,r
13583,u
13583,h
5919,s
5919,l
5919,a
5919,d
5919,i
5919,c
5919,e
3912,s
3912,l
3912,a
3912,d
3912,i
3912,c
3912,e
5412,m
5412,o
5412,r
5412,s
5412,k
5412,a
5412, 
5412,h
5412,r
5412,a
5412,n
5412,a
14972,s
14972,l
14972,a
14972,d
14972,i
14972,c
14972,e
7198,s
7198,l
7198,a
7198,d
7198,i
7198,c
7198,e
10150,s
10150,l
10150,a
10150,d
10150,i
10150,c
10150,e
16298,m
16298,e
16298,s
16298,n
16298,e
16298, 
16298,j
16298,e
16298,d
16298,i
1502,g
1502,o
1502,b
1502,j
1502,e
1502, 
1502,j
1502,e
1502,d
1502,i
3253,s
3253,l
3253,a
3253,d
3253,i
3253,c
3253,e
2445,k
2445,r
2445,u
2445,h
12377,s
12377,l
12377,a
12377,d
12377,i
12377,c
12377,e
3285,s
3285,l
3285,a
3285,d
3285,i
3285,c
3285,e
16257,s
16257,l
16257,a
16257,d
16257,i
16257,c
16257,e
9595,p
9595,r
9595,i
9595,l
9595,o
9595,g
9595,e
3842,s
3842,l
3842,a
3842,d
3842,i
3842,c
3842,e
10645,s
10645,l
10645,a
10645,d
10645,i
10645,c
10645,e
12915,s
12915,l
12915,a
12915,d
12915,i
12915,c
12915,e
406,s
406,l
406,a
406,d
406,i
406,c
406,e
10275,s
10275,l
10275,a
10275,d
10275,i
10275,c
10275,e
8350,s
8350,l
8350,a
8350,d
8350,i
8350,c
8350,e
12955,o
12955,z
12955,i
12955,m
12955,n
12955,i
12955,c
12955,a
2013,s
2013,l
2013,a
2013,d
2013,i
2013,c
2013,e
13,j
13,u
13,h
13,e
13, 
13,i
13,n
13, 
13,z
13,a
13,k
13,u
13,h
13,e
418,s
418,l
418,a
418,d
418,i
418,c
418,e
6406,s
6406,l
6406,a
6406,d
6406,i
6406,c
6406,e
6440,z
6440,e
6440,l
6440,e
6440,n
6440,j
6440,a
6440,v
6440,n
6440,e
6440, 
6440,j
6440,e
6440,d
6440,i
8122,t
8122,e
8122,s
8122,t
8122,e
8122,n
8122,i
8122,n
8122,e
6312,s
6312,l
6312,a
6312,d
6312,i
6312,c
6312,e
2561,s
2561,l
2561,a
2561,d
2561,i
2561,c
2561,e
15909,o
15909,s
15909,t
15909,a
15909,l
15909,e
15909, 
15909,j
15909,e
15909,d
15909,i
12211,p
12211,r
12211,i
12211,l
12211,o
12211,g
12211,e
9855,s
9855,l
9855,a
9855,d
9855,i
9855,c
9855,e
3059,m
3059,e
3059,s
3059,n
3059,e
3059, 
3059,j
3059,e
3059,d
3059,i
7098,s
7098,l
7098,a
7098,d
7098,i
7098,c
7098,e
11819,s
11819,l
11819,a
11819,d
11819,i
11819,c
11819,e
6862,p
6862,r
6862,i
6862,l
6862,o
6862,g
6862,e
4290,s
4290,l
4290,a
4290,d
4290,i
4290,c
4290,e
9988,s
9988,l
9988,a
9988,d
9988,i
9988,c
9988,e
11037,s
11037,l
11037,a
11037,d
11037,i
11037,c
11037,e
17266,z
17266,e
17266,l
17266,e
17266,n
17266,j
17266,a
17266,v
17266,n
17266,e
17266, 
17266,j
17266,e
17266,d
17266,i
4723,j
4723,u
4723,h
4723,e
4723, 
4723,i
4723,n
4723, 
4723,z
4723,a
4723,k
4723,u
4723,h
4723,e
1728,s
1728,l
1728,a
1728,d
1728,i
1728,c
1728,e
6755,m
6755,e
6755,s
6755,n
6755,e
6755, 
6755,j
6755,e
6755,d
6755,i
2872,o
2872,z
2872,i
2872,m
2872,n
2872,i
2872,c
2872,a
5351,s
5351,l
5351,a
5351,d
5351,i
5351,c
5351,e
7091,s
7091,l
7091,a
7091,d
7091,i
7091,c
7091,e
10104,s
10104,l
10104,a
10104,d
10104,i
10104,c
10104,e
11380,s
11380,l
11380,a
11380,d
11380,i
11380,c
11380,e
5702,j
5702,a
5702,j
5702,č
5702,n
5702,e
5702, 
5702,j
5702,e
5702,d
5702,i
7286,k
7286,r
7286,u
7286,h
14662,s
14662,l
14662,a
14662,d
14662,i
14662,c
14662,e
11111,s
11111,l
11111,a
11111,d
11111,i
11111,c
11111,e
13163,k
13163,r
13163,u
13163,h
9622,m
9622,e
9622,s
9622,n
9622,e
9622, 
9622,j
9622,e
9622,d
9622,i
10708,s
10708,l
10708,a
10708,d
10708,i
10708,c
10708,e
12177,s
12177,l
12177,a
12177,d
12177,i
12177,c
12177,e
1503,s
1503,l
1503,a
1503,d
1503,i
1503,c
1503,e
3024,s
3024,l
3024,a
3024,d
3024,i
3024,c
3024,e
2922,m
2922,e
2922,s
2922,n
2922,e
2922, 
2922,j
2922,e
2922,d
2922,i
5565,s
5565,l
5565,a
5565,d
5565,i
5565,c
5565,e
5752,t
5752,e
5752,s
5752,t
5752,e
5752,n
5752,i
5752,n
5752,e
12791,s
12791,i
12791,r
12791,o
12791,v
12791,e
12791, 
12791,j
12791,e
12791,d
12791,i
12127,s
12127,l
12127,a
12127,d
12127,i
12127,c
12127,e
3170,s
3170,l
3170,a
3170,d
3170,i
3170,c
3170,e
13063,p
13063,r
13063,e
13063,d
13063,j
13063,e
13063,d
13063,i
3106,s
3106,l
3106,a
3106,d
3106,i
3106,c
3106,e
10029,m
10029,e
10029,s
10029,n
10029,e
10029, 
10029,j
10029,e
10029,d
10029,i
14317,m
14317,e
14317,s
14317,n
14317,e
14317, 
14317,j
14317,e
14317,d
14317,i
11682,s
11682,l
11682,a
11682,d
11682,i
11682,c
11682,e
3026,s
3026,l
3026,a
3026,d
3026,i
3026,c
3026,e
5842,s
5842,l
5842,a
5842,d
5842,i
5842,c
5842,e
16725,s
16725,l
16725,a
16725,d
16725,i
16725,c
16725,e
4155,k
4155,r
4155,u
4155,h
5962,m
5962,o
5962,r
5962,s
5962,k
5962,a
5962, 
5962,h
5962,r
5962,a
5962,n
5962,a
10709,s
10709,l
10709,a
10709,d
10709,i
10709,c
10709,e
4097,m
4097,e
4097,s
4097,n
4097,e
4097, 
4097,j
4097,e
4097,d
4097,i
10035,e
10035,k
10035,s
10035,o
10035,t
10035,i
10035,k
10035,a
13904,m
13904,e
13904,s
13904,n
13904,e
13904, 
13904,j
13904,e
13904,d
13904,i
14486,s
14486,l
14486,a
14486,d
14486,i
14486,c
14486,e
5771,s
5771,l
5771,a
5771,d
5771,i
5771,c
5771,e
5193,m
5193,e
5193,s
5193,n
5193,e
5193, 
5193,j
5193,e
5193,d
5193,i
2027,s
2027,l
2027,a
2027,d
2027,i
2027,c
2027,e
4470,m
4470,e
4470,s
4470,n
4470,e
4470, 
4470,j
4470,e
4470,d
4470,i
4817,m
4817,e
4817,s
4817,n
4817,e
4817, 
4817,j
4817,e
4817,d
4817,i
5234,o
5234,m
5234,a
5234,k
5234,e
3167,s
3167,l
3167,a
3167,d
3167,i
3167,c
3167,e
12286,s
12286,l
12286,a
12286,d
12286,i
12286,c
12286,e
14825,s
14825,l
14825,a
14825,d
14825,i
14825,c
14825,e
1466,s
1466,l
1466,a
1466,d
1466,i
1466,c
1466,e
153,k
153,r
153,u
153,h
11608,t
11608,e
11608,s
11608,t
11608,e
11608,n
11608,i
11608,n
11608,e
8091,o
8091,z
8091,i
8091,m
8091,n
8091,i
8091,c
8091,a
13134,m
13134,e
13134,s
13134,n
13134,e
13134, 
13134,j
13134,e
13134,d
13134,i
12684,s
12684,l
12684,a
12684,d
12684,i
12684,c
12684,e
12365,e
12365,k
12365,s
12365,o
12365,t
12365,i
12365,k
12365,a
6894,s
6894,l
6894,a
6894,d
6894,i
6894,c
6894,e
14204,s
14204,l
14204,a
14204,d
14204,i
14204,c
14204,e
14088,e
14088,n
14088,o
14088,l
14088,o
14088,n
14088,č
14088,n
14088,i
14088,c
14088,e
190,z
190,e
190,l
190,e
190,n
190,j
190,a
190,v
190,n
190,e
190, 
190,j
190,e
190,d
190,i
8255,z
8255,e
8255,l
8255,e
8255,n
8255,j
8255,a
8255,v
8255,n
8255,e
8255, 
8255,j
8255,e
8255,d
8255,i
6347,s
6347,l
6347,a
6347,d
6347,i
6347,c
6347,e
10113,s
10113,l
10113,a
10113,d
10113,i
10113,c
10113,e
18548,s
18548,l
18548,a
18548,d
18548,i
18548,c
18548,e
5066,e
5066,n
5066,o
5066,l
5066,o
5066,n
5066,č
5066,n
5066,i
5066,c
5066,e
20044,s
20044,l
20044,a
20044,d
20044,i
20044,c
20044,e
4405,j
4405,u
4405,h
4405,e
4405, 
4405,i
4405,n
4405, 
4405,z
4405,a
4405,k
4405,u
4405,h
4405,e
12047,p
12047,r
12047,e
12047,d
12047,j
12047,e
12047,d
12047,i
8098,o
8098,z
8098,i
8098,m
8098,n
8098,i
8098,c
8098,a
7276,z
7276,e
7276,l
7276,e
7276,n
7276,j
7276,a
7276,v
7276,n
7276,e
7276, 
7276,j
7276,e
7276,d
7276,i
1697,s
1697,l
1697,a
1697,d
1697,i
1697,c
1697,e
3646,s
3646,l
3646,a
3646,d
3646,i
3646,c
3646,e
15962,k
15962,r
15962,u
15962,h
11995,s
11995,l
11995,a
11995,d
11995,i
11995,c
11995,e
4333,s
4333,l
4333,a
4333,d
4333,i
4333,c
4333,e
12017,s
12017,l
12017,a
12017,d
12017,i
12017,c
12017,e
5051,t
5051,e
5051,s
5051,t
5051,e
5051,n
5051,i
5051,n
5051,e
10765,m
10765,e
10765,s
10765,n
10765,e
10765, 
10765,j
10765,e
10765,d
10765,i
14273,e
14273,k
14273,s
14273,o
14273,t
14273,i
14273,k
14273,a
9510,o
9510,z
9510,i
9510,m
9510,n
9510,i
9510,c
9510,a
14120,g
14120,o
14120,b
14120,j
14120,e
14120, 
14120,j
14120,e
14120,d
14120,i
5731,m
5731,e
5731,s
5731,n
5731,e
5731, 
5731,j
5731,e
5731,d
5731,i
10848,p
10848,r
10848,e
10848,d
10848,j
10848,e
10848,d
10848,i
763,j
763,u
763,h
763,e
763, 
763,i
763,n
763, 
763,z
763,a
763,k
763,u
763,h
763,e
3507,m
3507,e
3507,s
3507,n
3507,e
3507, 
3507,j
3507,e
3507,d
3507,i
11055,o
11055,s
11055,t
11055,a
11055,l
11055,e
11055, 
11055,j
11055,e
11055,d
11055,i
865,s
865,l
865,a
865,d
865,i
865,c
865,e
13450,p
13450,r
13450,e
13450,d
13450,j
13450,e
13450,d
13450,i
13301,s
13301,l
13301,a
13301,d
13301,i
13301,c
13301,e
11530,e
11530,n
11530,o
11530,l
11530,o
11530,n
11530,č
11530,n
11530,i
11530,c
11530,e
11886,z
11886,e
11886,l
11886,e
11886,n
11886,j
11886,a
11886,v
11886,n
11886,e
11886, 
11886,j
11886,e
11886,d
11886,i
4117,s
4117,l
4117,a
4117,d
4117,i
4117,c
4117,e
12291,o
12291,z
12291,i
12291,m
12291,n
12291,i
12291,c
12291,a
16368,s
16368,l
16368,a
16368,d
16368,i
16368,c
16368,e
6540,k
6540,r
6540,u
6540,h
9696,s
9696,l
9696,a
9696,d
9696,i
9696,c
9696,e
9418,s
9418,l
9418,a
9418,d
9418,i
9418,c
9418,e
13684,s
13684,l
13684,a
13684,d
13684,i
13684,c
13684,e
13128,s
13128,l
13128,a
13128,d
13128,i
13128,c
13128,e
12686,s
12686,l
12686,a
12686,d
12686,i
12686,c
12686,e
4549,s
4549,l
4549,a
4549,d
4549,i
4549,c
4549,e
14618,s
14618,l
14618,a
14618,d
14618,i
14618,c
14618,e
4486,o
4486,m
4486,a
4486,k
4486,e
20384,s
20384,l
20384,a
20384,d
20384,i
20384,c
20384,e
8160,z
8160,e
8160,l
8160,e
8160,n
8160,j
8160,a
8160,v
8160,n
8160,e
8160, 
8160,j
8160,e
8160,d
8160,i
12158,s
12158,l
12158,a
12158,d
12158,i
12158,c
12158,e
17076,s
17076,l
17076,a
17076,d
17076,i
17076,c
17076,e
4664,s
4664,i
4664,r
4664,o
4664,v
4664,e
4664, 
4664,j
4664,e
4664,d
4664,i
14069,o
14069,z
14069,i
14069,m
14069,n
14069,i
14069,c
14069,a
16376,k
16376,r
16376,u
16376,h
3533,s
3533,l
3533,a
3533,d
3533,i
3533,c
3533,e
1204,s
1204,l
1204,a
1204,d
1204,i
1204,c
1204,e
2635,n
2635,a
2635,p
2635,i
2635,t
2635,k
2635,i
6814,s
6814,l
6814,a
6814,d
6814,i
6814,c
6814,e
13307,k
13307,r
13307,u
13307,h
14171,j
14171,u
14171,h
14171,e
14171, 
14171,i
14171,n
14171, 
14171,z
14171,a
14171,k
14171,u
14171,h
14171,e
5999,s
5999,l
5999,a
5999,d
5999,i
5999,c
5999,e
12223,s
12223,l
12223,a
12223,d
12223,i
12223,c
12223,e
11421,s
11421,l
11421,a
11421,d
11421,i
11421,c
11421,e
3378,s
3378,l
3378,a
3378,d
3378,i
3378,c
3378,e
8386,s
8386,l
8386,a
8386,d
8386,i
8386,c
8386,e
3781,m
3781,e
3781,s
3781,n
3781,e
3781, 
3781,j
3781,e
3781,d
3781,i
18449,s
18449,l
18449,a
18449,d
18449,i
18449,c
18449,e
8381,s
8381,l
8381,a
8381,d
8381,i
8381,c
8381,e
17564,o
17564,z
17564,i
17564,m
17564,n
17564,i
17564,c
17564,a
9858,s
9858,l
9858,a
9858,d
9858,i
9858,c
9858,e
20355,m
20355,e
20355,s
20355,n
20355,e
20355, 
20355,j
20355,e
20355,d
20355,i
11061,s
11061,l
11061,a
11061,d
11061,i
11061,c
11061,e
7021,s
7021,l
7021,a
7021,d
7021,i
7021,c
7021,e
13115,m
13115,o
13115,r
13115,s
13115,k
13115,a
13115, 
13115,h
13115,r
13115,a
13115,n
13115,a
12002,s
12002,l
12002,a
12002,d
12002,i
12002,c
12002,e
1211,o
1211,z
1211,i
1211,m
1211,n
1211,i
1211,c
1211,a
8208,s
8208,l
8208,a
8208,d
8208,i
8208,c
8208,e
3198,s
3198,l
3198,a
3198,d
3198,i
3198,c
3198,e
1970,s
1970,l
1970,a
1970,d
1970,i
1970,c
1970,e
11566,j
11566,u
11566,h
11566,e
11566, 
11566,i
11566,n
11566, 
11566,z
11566,a
11566,k
11566,u
11566,h
11566,e
15058,s
15058,l
15058,a
15058,d
15058,i
15058,c
15058,e
12654,s
12654,l
12654,a
12654,d
12654,i
12654,c
12654,e
2441,s
2441,l
2441,a
2441,d
2441,i
2441,c
2441,e
3201,o
3201,z
3201,i
3201,m
3201,n
3201,i
3201,c
3201,a
17359,p
17359,r
17359,i
17359,l
17359,o
17359,g
17359,e
12134,s
12134,l
12134,a
12134,d
12134,i
12134,c
12134,e
10264,s
10264,l
10264,a
10264,d
10264,i
10264,c
10264,e
853,s
853,l
853,a
853,d
853,i
853,c
853,e
6752,z
6752,e
6752,l
6752,e
6752,n
6752,j
6752,a
6752,v
6752,n
6752,e
6752, 
6752,j
6752,e
6752,d
6752,i
17225,s
17225,l
17225,a
17225,d
17225,i
17225,c
17225,e
10176,s
10176,l
10176,a
10176,d
10176,i
10176,c
10176,e
8111,s
8111,l
8111,a
8111,d
8111,i
8111,c
8111,e
3313,s
3313,l
3313,a
3313,d
3313,i
3313,c
3313,e
10802,s
10802,l
10802,a
10802,d
10802,i
10802,c
10802,e
12738,n
12738,a
12738,p
12738,i
12738,t
12738,k
12738,i
8357,s
8357,l
8357,a
8357,d
8357,i
8357,c
8357,e
5577,m
5577,e
5577,s
5577,n
5577,e
5577, 
5577,j
5577,e
5577,d
5577,i
9411,s
9411,l
9411,a
9411,d
9411,i
9411,c
9411,e
5713,s
5713,i
5713,r
5713,o
5713,v
5713,e
5713, 
5713,j
5713,e
5713,d
5713,i
5145,m
5145,o
5145,r
5145,s
5145,k
5145,a
5145, 
5145,h
5145,r
5145,a
5145,n
5145,a
11966,k
11966,r
11966,u
11966,h
18332,s
18332,l
18332,a
18332,d
18332,i
18332,c
18332,e
4411,s
4411,l
4411,a
4411,d
4411,i
4411,c
4411,e
12253,s
12253,l
12253,a
12253,d
12253,i
12253,c
12253,e
309,s
309,l
309,a
309,d
309,i
309,c
309,e
13954,o
13954,z
13954,i
13954,m
13954,n
13954,i
13954,c
13954,a
13088,s
13088,l
13088,a
13088,d
13088,i
13088,c
13088,e
9871,s
9871,l
9871,a
9871,d
9871,i
9871,c
9871,e
5775,s
5775,o
5775,l
5775,a
5775,t
5775,e
10379,s
10379,l
10379,a
10379,d
10379,i
10379,c
10379,e
4349,o
4349,s
4349,t
4349,a
4349,l
4349,e
4349, 
4349,j
4349,e
4349,d
4349,i
4472,s
4472,l
4472,a
4472,d
4472,i
4472,c
4472,e
1686,s
1686,l
1686,a
1686,d
1686,i
1686,c
1686,e
2102,s
2102,l
2102,a
2102,d
2102,i
2102,c
2102,e
11605,o
11605,z
11605,i
11605,m
11605,n
11605,i
11605,c
11605,a
9503,z
9503,e
9503,l
9503,e
9503,n
9503,j
9503,a
9503,v
9503,n
9503,e
9503, 
9503,j
9503,e
9503,d
9503,i
2666,s
2666,l
2666,a
2666,d
2666,i
2666,c
2666,e
11974,s
11974,l
11974,a
11974,d
11974,i
11974,c
11974,e
756,e
756,n
756,o
756,l
756,o
756,n
756,č
756,n
756,i
756,c
756,e
13006,o
13006,z
13006,i
13006,m
13006,n
13006,i
13006,c
13006,a
15941,e
15941,n
15941,o
15941,l
15941,o
15941,n
15941,č
15941,n
15941,i
15941,c
15941,e
15416,s
15416,l
15416,a
15416,d
15416,i
15416,c
15416,e
9778,z
9778,e
9778,l
9778,e
9778,n
9778,j
9778,a
9778,v
9778,n
9778,e
9778, 
9778,j
9778,e
9778,d
9778,i
5024,j
5024,u
5024,h
5024,e
5024, 
5024,i
5024,n
5024, 
5024,z
5024,a
5024,k
5024,u
5024,h
5024,e
12133,s
12133,l
12133,a
12133,d
12133,i
12133,c
12133,e
11931,m
11931,e
11931,s
11931,n
11931,e
11931, 
11931,j
11931,e
11931,d
11931,i
17196,s
17196,l
17196,a
17196,d
17196,i
17196,c
17196,e
11138,s
11138,l
11138,a
11138,d
11138,i
11138,c
11138,e
4607,s
4607,l
4607,a
4607,d
4607,i
4607,c
4607,e
16184,p
16184,r
16184,e
16184,d
16184,j
16184,e
16184,d
16184,i
1256,s
1256,l
1256,a
1256,d
1256,i
1256,c
1256,e
3649,j
3649,u
3649,h
3649,e
3649, 
3649,i
3649,n
3649, 
3649,z
3649,a
3649,k
3649,u
3649,h
3649,e
7127,s
7127,l
7127,a
7127,d
7127,i
7127,c
7127,e
6837,s
6837,l
6837,a
6837,d
6837,i
6837,c
6837,e
466,g
466,o
466,b
466,j
466,e
466, 
466,j
466,e
466,d
466,i
11567,s
11567,l
11567,a
11567,d
11567,i
11567,c
11567,e
10083,s
10083,l
10083,a
10083,d
10083,i
10083,c
10083,e
10724,e
10724,k
10724,s
10724,o
10724,t
10724,i
10724,k
10724,a
8085,m
8085,o
8085,r
8085,s
8085,k
8085,a
8085, 
8085,h
8085,r
8085,a
8085,n
8085,a
13745,o
13745,m
13745,a
13745,k
13745,e
10752,s
10752,l
10752,a
10752,d
10752,i
10752,c
10752,e
12547,s
12547,l
12547,a
12547,d
12547,i
12547,c
12547,e
11349,m
11349,o
11349,r
11349,s
11349,k
11349,a
11349, 
11349,h
11349,r
11349,a
11349,n
11349,a
1752,m
1752,o
1752,r
1752,s
1752,k
1752,a
1752, 
1752,h
1752,r
1752,a
1752,n
1752,a
13682,m
13682,e
13682,s
13682,n
13682,e
13682, 
13682,j
13682,e
13682,d
13682,i
5898,s
5898,l
5898,a
5898,d
5898,i
5898,c
5898,e
18695,p
18695,r
18695,i
18695,l
18695,o
18695,g
18695,e
16671,s
16671,l
16671,a
16671,d
16671,i
16671,c
16671,e
11131,s
11131,l
11131,a
11131,d
11131,i
11131,c
11131,e
5824,o
5824,z
5824,i
5824,m
5824,n
5824,i
5824,c
5824,a
12008,t
12008,e
12008,s
12008,t
12008,e
12008,n
12008,i
12008,n
12008,e
5817,s
5817,l
5817,a
5817,d
5817,i
5817,c
5817,e
5910,z
5910,e
5910,l
5910,e
5910,n
5910,j
5910,a
5910,v
5910,n
5910,e
5910, 
5910,j
5910,e
5910,d
5910,i
5467,o
5467,z
5467,i
5467,m
5467,n
5467,i
5467,c
5467,a
2684,z
2684,e
2684,l
2684,e
2684,n
2684,j
2684,a
2684,v
2684,n
2684,e
2684, 
2684,j
2684,e
2684,d
2684,i
6707,s
6707,l
6707,a
6707,d
6707,i
6707,c
6707,e
3637,s
3637,l
3637,a
3637,d
3637,i
3637,c
3637,e
4344,s
4344,i
4344,r
4344,o
4344,v
4344,e
4344, 
4344,j
4344,e
4344,d
4344,i
14488,m
14488,e
14488,s
14488,n
14488,e
14488, 
14488,j
14488,e
14488,d
14488,i
4491,j
4491,u
4491,h
4491,e
4491, 
4491,i
4491,n
4491, 
4491,z
4491,a
4491,k
4491,u
4491,h
4491,e
9542,s
9542,l
9542,a
9542,d
9542,i
9542,c
9542,e
5777,s
5777,l
5777,a
5777,d
5777,i
5777,c
5777,e
7279,p
7279,r
7279,i
7279,l
7279,o
7279,g
7279,e
13342,s
13342,l
13342,a
13342,d
13342,i
13342,c
13342,e
14694,s
14694,l
14694,a
14694,d
14694,i
14694,c
14694,e
1818,s
1818,l
1818,a
1818,d
1818,i
1818,c
1818,e
14057,s
14057,l
14057,a
14057,d
14057,i
14057,c
14057,e
16252,p
16252,r
16252,e
16252,d
16252,j
16252,e
16252,d
16252,i
10917,s
10917,l
10917,a
10917,d
10917,i
10917,c
10917,e
9448,s
9448,l
9448,a
9448,d
9448,i
9448,c
9448,e
4294,o
4294,z
4294,i
4294,m
4294,n
4294,i
4294,c
4294,a
6562,j
6562,u
6562,h
6562,e
6562, 
6562,i
6562,n
6562, 
6562,z
6562,a
6562,k
6562,u
6562,h
6562,e
7215,s
7215,l
7215,a
7215,d
7215,i
7215,c
7215,e
12379,o
12379,s
12379,t
12379,a
12379,l
12379,e
12379, 
12379,j
12379,e
12379,d
12379,i
14754,p
14754,r
14754,i
14754,l
14754,o
14754,g
14754,e
15869,p
15869,r
15869,i
15869,l
15869,o
15869,g
15869,e
13203,s
13203,l
13203,a
13203,d
13203,i
13203,c
13203,e
6343,s
6343,l
6343,a
6343,d
6343,i
6343,c
6343,e
1938,s
1938,l
1938,a
1938,d
1938,i
1938,c
1938,e
17479,j
17479,a
17479,j
17479,č
17479,n
17479,e
17479, 
17479,j
17479,e
17479,d
17479,i
6591,p
6591,r
6591,i
6591,l
6591,o
6591,g
6591,e
5685,s
5685,l
5685,a
5685,d
5685,i
5685,c
5685,e
14333,t
14333,e
14333,s
14333,t
14333,e
14333,n
14333,i
14333,n
14333,e
2433,s
2433,l
2433,a
2433,d
2433,i
2433,c
2433,e
1395,m
1395,o
1395,r
1395,s
1395,k
1395,a
1395, 
1395,h
1395,r
1395,a
1395,n
1395,a
5230,s
5230,l
5230,a
5230,d
5230,i
5230,c
5230,e
6086,m
6086,o
6086,r
6086,s
6086,k
6086,a
6086, 
6086,h
6086,r
6086,a
6086,n
6086,a
3109,s
3109,l
3109,a
3109,d
3109,i
3109,c
3109,e
1765,o
1765,s
1765,t
1765,a
1765,l
1765,e
1765, 
1765,j
1765,e
1765,d
1765,i
14602,s
14602,l
14602,a
14602,d
14602,i
14602,c
14602,e
2223,s
2223,l
2223,a
2223,d
2223,i
2223,c
2223,e
3048,s
3048,l
3048,a
3048,d
3048,i
3048,c
3048,e
14562,p
14562,r
14562,e
14562,d
14562,j
14562,e
14562,d
14562,i
14607,p
14607,r
14607,e
14607,d
14607,j
14607,e
14607,d
14607,i
9878,s
9878,l
9878,a
9878,d
9878,i
9878,c
9878,e
3650,z
3650,e
3650,l
3650,e
3650,n
3650,j
3650,a
3650,v
3650,n
3650,e
3650, 
3650,j
3650,e
3650,d
3650,i
14723,s
14723,l
14723,a
14723,d
14723,i
14723,c
14723,e
9360,p
9360,r
9360,e
9360,d
9360,j
9360,e
9360,d
9360,i
5977,s
5977,l
5977,a
5977,d
5977,i
5977,c
5977,e
4624,s
4624,l
4624,a
4624,d
4624,i
4624,c
4624,e
6265,m
6265,o
6265,r
6265,s
6265,k
6265,a
6265, 
6265,h
6265,r
6265,a
6265,n
6265,a
10710,s
10710,l
10710,a
10710,d
10710,i
10710,c
10710,e
4209,s
4209,l
4209,a
4209,d
4209,i
4209,c
4209,e
1523,k
1523,r
1523,u
1523,h
12669,m
12669,e
12669,s
12669,n
12669,e
12669, 
12669,j
12669,e
12669,d
12669,i
13992,p
13992,r
13992,e
13992,d
13992,j
13992,e
13992,d
13992,i
16020,s
16020,l
16020,a
16020,d
16020,i
16020,c
16020,e
11843,z
11843,e
11843,l
11843,e
11843,n
11843,j
11843,a
11843,v
11843,n
11843,e
11843, 
11843,j
11843,e
11843,d
11843,i
3475,s
3475,l
3475,a
3475,d
3475,i
3475,c
3475,e
10178,m
10178,e
10178,s
10178,n
10178,e
10178, 
10178,j
10178,e
10178,d
10178,i
6576,s
6576,l
6576,a
6576,d
6576,i
6576,c
6576,e
4351,s
4351,l
4351,a
4351,d
4351,i
4351,c
4351,e
17240,s
17240,l
17240,a
17240,d
17240,i
17240,c
17240,e
3607,s
3607,l
3607,a
3607,d
3607,i
3607,c
3607,e
6405,s
6405,l
6405,a
6405,d
6405,i
6405,c
6405,e
11385,t
11385,e
11385,s
11385,t
11385,e
11385,n
11385,i
11385,n
11385,e
6431,s
6431,l
6431,a
6431,d
6431,i
6431,c
6431,e
6485,s
6485,l
6485,a
6485,d
6485,i
6485,c
6485,e
17048,z
17048,e
17048,l
17048,e
17048,n
17048,j
17048,a
17048,v
17048,n
17048,e
17048, 
17048,j
17048,e
17048,d
17048,i
10740,m
10740,e
10740,s
10740,n
10740,e
10740, 
10740,j
10740,e
10740,d
10740,i
6258,o
6258,m
6258,a
6258,k
6258,e
12093,s
12093,l
12093,a
12093,d
12093,i
12093,c
12093,e
4640,o
4640,m
4640,a
4640,k
4640,e
10404,o
10404,z
10404,i
10404,m
10404,n
10404,i
10404,c
10404,a
17168,s
17168,l
17168,a
17168,d
17168,i
17168,c
17168,e
3459,s
3459,l
3459,a
3459,d
3459,i
3459,c
3459,e
10899,p
10899,r
10899,e
10899,d
10899,j
10899,e
10899,d
10899,i
10983,s
10983,l
10983,a
10983,d
10983,i
10983,c
10983,e
3938,s
3938,l
3938,a
3938,d
3938,i
3938,c
3938,e
18455,s
18455,l
18455,a
18455,d
18455,i
18455,c
18455,e
5258,s
5258,l
5258,a
5258,d
5258,i
5258,c
5258,e
18893,s
18893,l
18893,a
18893,d
18893,i
18893,c
18893,e
9345,s
9345,l
9345,a
9345,d
9345,i
9345,c
9345,e
12128,s
12128,l
12128,a
12128,d
12128,i
12128,c
12128,e
3871,j
3871,a
3871,j
3871,č
3871,n
3871,e
3871, 
3871,j
3871,e
3871,d
3871,i
6036,m
6036,e
6036,s
6036,n
6036,e
6036, 
6036,j
6036,e
6036,d
6036,i
5863,s
5863,l
5863,a
5863,d
5863,i
5863,c
5863,e
171,z
171,e
171,l
171,e
171,n
171,j
171,a
171,v
171,n
171,e
171, 
171,j
171,e
171,d
171,i
16187,s
16187,l
16187,a
16187,d
16187,i
16187,c
16187,e
14583,s
14583,l
14583,a
14583,d
14583,i
14583,c
14583,e
18140,e
18140,n
18140,o
18140,l
18140,o
18140,n
18140,č
18140,n
18140,i
18140,c
18140,e
18043,p
18043,r
18043,i
18043,l
18043,o
18043,g
18043,e
350,s
350,l
350,a
350,d
350,i
350,c
350,e
1925,o
1925,z
1925,i
1925,m
1925,n
1925,i
1925,c
1925,a
11984,s
11984,l
11984,a
11984,d
11984,i
11984,c
11984,e
3174,s
3174,l
3174,a
3174,d
3174,i
3174,c
3174,e
4990,s
4990,l
4990,a
4990,d
4990,i
4990,c
4990,e
12703,s
12703,l
12703,a
12703,d
12703,i
12703,c
12703,e
4955,s
4955,l
4955,a
4955,d
4955,i
4955,c
4955,e
6673,s
6673,l
6673,a
6673,d
6673,i
6673,c
6673,e
8168,s
8168,l
8168,a
8168,d
8168,i
8168,c
8168,e
13551,p
13551,r
13551,i
13551,l
13551,o
13551,g
13551,e
18950,s
18950,l
18950,a
18950,d
18950,i
18950,c
18950,e
1312,j
1312,a
1312,j
1312,č
1312,n
1312,e
1312, 
1312,j
1312,e
1312,d
1312,i
8340,s
8340,l
8340,a
8340,d
8340,i
8340,c
8340,e
13680,s
13680,l
13680,a
13680,d
13680,i
13680,c
13680,e
18506,m
18506,e
18506,s
18506,n
18506,e
18506, 
18506,j
18506,e
18506,d
18506,i
11582,j
11582,a
11582,j
11582,č
11582,n
11582,e
11582, 
11582,j
11582,e
11582,d
11582,i
4118,s
4118,l
4118,a
4118,d
4118,i
4118,c
4118,e
16173,k
16173,r
16173,u
16173,h
10849,s
10849,l
10849,a
10849,d
10849,i
10849,c
10849,e
276,s
276,o
276,l
276,a
276,t
276,e
5839,e
5839,n
5839,o
5839,l
5839,o
5839,n
5839,č
5839,n
5839,i
5839,c
5839,e
12154,o
12154,s
12154,t
12154,a
12154,l
12154,e
12154, 
12154,j
12154,e
12154,d
12154,i
11081,s
11081,l
11081,a
11081,d
11081,i
11081,c
11081,e
10239,m
10239,e
10239,s
10239,n
10239,e
10239, 
10239,j
10239,e
10239,d
10239,i
4496,m
4496,e
4496,s
4496,n
4496,e
4496, 
4496,j
4496,e
4496,d
4496,i
19909,k
19909,r
19909,u
19909,h
5963,p
5963,r
5963,e
5963,d
5963,j
5963,e
5963,d
5963,i
1385,j
1385,u
1385,h
1385,e
1385, 
1385,i
1385,n
1385, 
1385,z
1385,a
1385,k
1385,u
1385,h
1385,e
5796,s
5796,l
5796,a
5796,d
5796,i
5796,c
5796,e
7273,s
7273,l
7273,a
7273,d
7273,i
7273,c
7273,e
6828,m
6828,e
6828,s
6828,n
6828,e
6828, 
6828,j
6828,e
6828,d
6828,i
16933,s
16933,l
16933,a
16933,d
16933,i
16933,c
16933,e
11637,m
11637,o
11637,r
11637,s
11637,k
11637,a
11637, 
11637,h
11637,r
11637,a
11637,n
11637,a
10458,s
10458,l
10458,a
10458,d
10458,i
10458,c
10458,e
16008,t
16008,e
16008,s
16008,t
16008,e
16008,n
16008,i
16008,n
16008,e
4796,o
4796,m
4796,a
4796,k
4796,e
2600,m
2600,o
2600,r
2600,s
2600,k
2600,a
2600, 
2600,h
2600,r
2600,a
2600,n
2600,a
8404,p
8404,r
8404,e
8404,d
8404,j
8404,e
8404,d
8404,i
4550,s
4550,l
4550,a
4550,d
4550,i
4550,c
4550,e
1885,s
1885,l
1885,a
1885,d
1885,i
1885,c
1885,e
11151,s
11151,l
11151,a
11151,d
11151,i
11151,c
11151,e
10504,p
10504,r
10504,i
10504,l
10504,o
10504,g
10504,e
6460,s
6460,l
6460,a
6460,d
6460,i
6460,c
6460,e
17259,s
17259,l
17259,a
17259,d
17259,i
17259,c
17259,e
3406,s
3406,l
3406,a
3406,d
3406,i
3406,c
3406,e
9924,j
9924,u
9924,h
9924,e
9924, 
9924,i
9924,n
9924, 
9924,z
9924,a
9924,k
9924,u
9924,h
9924,e
6398,s
6398,l
6398,a
6398,d
6398,i
6398,c
6398,e
1891,m
1891,e
1891,s
1891,n
1891,e
1891, 
1891,j
1891,e
1891,d
1891,i
6580,n
6580,a
6580,p
6580,i
6580,t
6580,k
6580,i
7030,m
7030,e
7030,s
7030,n
7030,e
7030, 
7030,j
7030,e
7030,d
7030,i
6129,s
6129,i
6129,r
6129,o
6129,v
6129,e
6129, 
6129,j
6129,e
6129,d
6129,i
8186,s
8186,l
8186,a
8186,d
8186,i
8186,c
8186,e
4407,m
4407,e
4407,s
4407,n
4407,e
4407, 
4407,j
4407,e
4407,d
4407,i
10096,s
10096,l
10096,a
10096,d
10096,i
10096,c
10096,e
4334,s
4334,l
4334,a
4334,d
4334,i
4334,c
4334,e
2257,j
2257,u
2257,h
2257,e
2257, 
2257,i
2257,n
2257, 
2257,z
2257,a
2257,k
2257,u
2257,h
2257,e
16715,s
16715,l
16715,a
16715,d
16715,i
16715,c
16715,e
743,s
743,l
743,a
743,d
743,i
743,c
743,e
15988,m
15988,e
15988,s
15988,n
15988,e
15988, 
15988,j
15988,e
15988,d
15988,i
18895,p
18895,r
18895,i
18895,l
18895,o
18895,g
18895,e
14283,s
14283,l
14283,a
14283,d
14283,i
14283,c
14283,e
3119,k
3119,r
3119,u
3119,h
8092,p
8092,r
8092,i
8092,l
8092,o
8092,g
8092,e
1778,o
1778,s
1778,t
1778,a
1778,l
1778,e
1778, 
1778,j
1778,e
1778,d
1778,i
5493,s
5493,l
5493,a
5493,d
5493,i
5493,c
5493,e
6365,s
6365,l
6365,a
6365,d
6365,i
6365,c
6365,e
3025,m
3025,e
3025,s
3025,n
3025,e
3025, 
3025,j
3025,e
3025,d
3025,i
11194,s
11194,l
11194,a
11194,d
11194,i
11194,c
11194,e
3246,p
3246,r
3246,i
3246,l
3246,o
3246,g
3246,e
10238,z
10238,e
10238,l
10238,e
10238,n
10238,j
10238,a
10238,v
10238,n
10238,e
10238, 
10238,j
10238,e
10238,d
10238,i
1863,n
1863,a
1863,p
1863,i
1863,t
1863,k
1863,i
14595,s
14595,l
14595,a
14595,d
14595,i
14595,c
14595,e
15042,s
15042,l
15042,a
15042,d
15042,i
15042,c
15042,e
14274,s
14274,l
14274,a
14274,d
14274,i
14274,c
14274,e
10406,n
10406,a
10406,p
10406,i
10406,t
10406,k
10406,i
14896,s
14896,l
14896,a
14896,d
14896,i
14896,c
14896,e
17208,s
17208,l
17208,a
17208,d
17208,i
17208,c
17208,e
11058,o
11058,t
11058,r
11058,o
11058,š
11058,k
11058,a
11058, 
11058,h
11058,r
11058,a
11058,n
11058,a
11429,p
11429,r
11429,i
11429,l
11429,o
11429,g
11429,e
8221,o
8221,z
8221,i
8221,m
8221,n
8221,i
8221,c
8221,a
13292,s
13292,l
13292,a
13292,d
13292,i
13292,c
13292,e
14643,s
14643,l
14643,a
14643,d
14643,i
14643,c
14643,e
3892,m
3892,o
3892,r
3892,s
3892,k
3892,a
3892, 
3892,h
3892,r
3892,a
3892,n
3892,a
15747,n
15747,a
15747,p
15747,i
15747,t
15747,k
15747,i
12284,s
12284,l
12284,a
12284,d
12284,i
12284,c
12284,e
11311,z
11311,e
11311,l
11311,e
11311,n
11311,j
11311,a
11311,v
11311,n
11311,e
11311, 
11311,j
11311,e
11311,d
11311,i
4191,m
4191,e
4191,s
4191,n
4191,e
4191, 
4191,j
4191,e
4191,d
4191,i
16974,s
16974,l
16974,a
16974,d
16974,i
16974,c
16974,e
6716,o
6716,z
6716,i
6716,m
6716,n
6716,i
6716,c
6716,a
11426,s
11426,l
11426,a
11426,d
11426,i
11426,c
11426,e
17797,s
17797,l
17797,a
17797,d
17797,i
17797,c
17797,e
1364,s
1364,l
1364,a
1364,d
1364,i
1364,c
1364,e
133,t
133,e
133,s
133,t
133,e
133,n
133,i
133,n
133,e
11036,m
11036,e
11036,s
11036,n
11036,e
11036, 
11036,j
11036,e
11036,d
11036,i
15746,s
15746,l
15746,a
15746,d
15746,i
15746,c
15746,e
10169,z
10169,e
10169,l
10169,e
10169,n
10169,j
10169,a
10169,v
10169,n
10169,e
10169, 
10169,j
10169,e
10169,d
10169,i
4749,k
4749,r
4749,u
4749,h
11991,o
11991,t
11991,r
11991,o
11991,š
11991,k
11991,a
11991, 
11991,h
11991,r
11991,a
11991,n
11991,a
10225,o
10225,z
10225,i
10225,m
10225,n
10225,i
10225,c
10225,a
5427,o
5427,z
5427,i
5427,m
5427,n
5427,i
5427,c
5427,a
469,s
469,l
469,a
469,d
469,i
469,c
469,e
10130,m
10130,e
10130,s
10130,n
10130,e
10130, 
10130,j
10130,e
10130,d
10130,i
11032,o
11032,z
11032,i
11032,m
11032,n
11032,i
11032,c
11032,a
6013,g
6013,o
6013,b
6013,j
6013,e
6013, 
6013,j
6013,e
6013,d
6013,i
2463,t
2463,e
2463,s
2463,t
2463,e
2463,n
2463,i
2463,n
2463,e
13622,j
13622,u
13622,h
13622,e
13622, 
13622,i
13622,n
13622, 
13622,z
13622,a
13622,k
13622,u
13622,h
13622,e
11658,n
11658,a
11658,p
11658,i
11658,t
11658,k
11658,i
10366,o
10366,m
10366,a
10366,k
10366,e
1780,o
1780,m
1780,a
1780,k
1780,e
1410,m
1410,e
1410,s
1410,n
1410,e
1410, 
1410,j
1410,e
1410,d
1410,i
9805,s
9805,l
9805,a
9805,d
9805,i
9805,c
9805,e
4399,t
4399,e
4399,s
4399,t
4399,e
4399,n
4399,i
4399,n
4399,e
17486,s
17486,l
17486,a
17486,d
17486,i
17486,c
17486,e
14722,s
14722,l
14722,a
14722,d
14722,i
14722,c
14722,e
14857,s
14857,l
14857,a
14857,d
14857,i
14857,c
14857,e
3040,s
3040,l
3040,a
3040,d
3040,i
3040,c
3040,e
10702,p
10702,r
10702,i
10702,l
10702,o
10702,g
10702,e
18281,s
18281,l
18281,a
18281,d
18281,i
18281,c
18281,e
19797,m
19797,e
19797,s
19797,n
19797,e
19797, 
19797,j
19797,e
19797,d
19797,i
2511,n
2511,a
2511,p
2511,i
2511,t
2511,k
2511,i
5247,o
5247,s
5247,t
5247,a
5247,l
5247,e
5247, 
5247,j
5247,e
5247,d
5247,i
5946,s
5946,l
5946,a
5946,d
5946,i
5946,c
5946,e
16917,p
16917,r
16917,i
16917,l
16917,o
16917,g
16917,e
6712,s
6712,l
6712,a
6712,d
6712,i
6712,c
6712,e
11837,s
11837,l
11837,a
11837,d
11837,i
11837,c
11837,e
7239,m
7239,e
7239,s
7239,n
7239,e
7239, 
7239,j
7239,e
7239,d
7239,i
3168,m
3168,e
3168,s
3168,n
3168,e
3168, 
3168,j
3168,e
3168,d
3168,i
16388,s
16388,l
16388,a
16388,d
16388,i
16388,c
16388,e
1296,s
1296,l
1296,a
1296,d
1296,i
1296,c
1296,e
3913,o
3913,z
3913,i
3913,m
3913,n
3913,i
3913,c
3913,a
6971,s
6971,l
6971,a
6971,d
6971,i
6971,c
6971,e
5437,j
5437,u
5437,h
5437,e
5437, 
5437,i
5437,n
5437, 
5437,z
5437,a
5437,k
5437,u
5437,h
5437,e
8389,s
8389,l
8389,a
8389,d
8389,i
8389,c
8389,e
10584,j
10584,u
10584,h
10584,e
10584, 
10584,i
10584,n
10584, 
10584,z
10584,a
10584,k
10584,u
10584,h
10584,e
13785,s
13785,l
13785,a
13785,d
13785,i
13785,c
13785,e
13266,s
13266,l
13266,a
13266,d
13266,i
13266,c
13266,e
9679,e
9679,n
9679,o
9679,l
9679,o
9679,n
9679,č
9679,n
9679,i
9679,c
9679,e
13552,s
13552,l
13552,a
13552,d
13552,i
13552,c
13552,e
10637,s
10637,l
10637,a
10637,d
10637,i
10637,c
10637,e
1404,s
1404,l
1404,a
1404,d
1404,i
1404,c
1404,e
14394,m
14394,e
14394,s
14394,n
14394,e
14394, 
14394,j
14394,e
14394,d
14394,i
3096,s
3096,l
3096,a
3096,d
3096,i
3096,c
3096,e
2965,k
2965,r
2965,u
2965,h
14159,s
14159,l
14159,a
14159,d
14159,i
14159,c
14159,e
10252,s
10252,l
10252,a
10252,d
10252,i
10252,c
10252,e
9692,s
9692,l
9692,a
9692,d
9692,i
9692,c
9692,e
12455,s
12455,l
12455,a
12455,d
12455,i
12455,c
12455,e
4343,s
4343,l
4343,a
4343,d
4343,i
4343,c
4343,e
5196,m
5196,o
5196,r
5196,s
5196,k
5196,a
5196, 
5196,h
5196,r
5196,a
5196,n
5196,a
858,p
858,r
858,i
858,l
858,o
858,g
858,e
10742,s
10742,l
10742,a
10742,d
10742,i
10742,c
10742,e
4114,s
4114,l
4114,a
4114,d
4114,i
4114,c
4114,e
11887,s
11887,l
11887,a
11887,d
11887,i
11887,c
11887,e
10222,s
10222,l
10222,a
10222,d
10222,i
10222,c
10222,e
14676,p
14676,r
14676,i
14676,l
14676,o
14676,g
14676,e
6050,o
6050,m
6050,a
6050,k
6050,e
14501,s
14501,l
14501,a
14501,d
14501,i
14501,c
14501,e
12522,z
12522,e
12522,l
12522,e
12522,n
12522,j
12522,a
12522,v
12522,n
12522,e
12522, 
12522,j
12522,e
12522,d
12522,i
4706,k
4706,r
4706,u
4706,h
7006,s
7006,l
7006,a
7006,d
7006,i
7006,c
7006,e
213,g
213,o
213,b
213,j
213,e
213, 
213,j
213,e
213,d
213,i
14211,s
14211,l
14211,a
14211,d
14211,i
14211,c
14211,e
1301,m
1301,e
1301,s
1301,n
1301,e
1301, 
1301,j
1301,e
1301,d
1301,i
4681,s
4681,l
4681,a
4681,d
4681,i
4681,c
4681,e
12951,t
12951,e
12951,s
12951,t
12951,e
12951,n
12951,i
12951,n
12951,e
5452,s
5452,l
5452,a
5452,d
5452,i
5452,c
5452,e
11863,o
11863,z
11863,i
11863,m
11863,n
11863,i
11863,c
11863,a
12493,s
12493,l
12493,a
12493,d
12493,i
12493,c
12493,e
14099,s
14099,l
14099,a
14099,d
14099,i
14099,c
14099,e
10299,e
10299,n
10299,o
10299,l
10299,o
10299,n
10299,č
10299,n
10299,i
10299,c
10299,e
17986,s
17986,l
17986,a
17986,d
17986,i
17986,c
17986,e
10800,s
10800,l
10800,a
10800,d
10800,i
10800,c
10800,e
5687,s
5687,l
5687,a
5687,d
5687,i
5687,c
5687,e
4728,k
4728,r
4728,u
4728,h
2055,s
2055,i
2055,r
2055,o
2055,v
2055,e
2055, 
2055,j
2055,e
2055,d
2055,i
11103,p
11103,r
11103,i
11103,l
11103,o
11103,g
11103,e
6147,m
6147,e
6147,s
6147,n
6147,e
6147, 
6147,j
6147,e
6147,d
6147,i
1768,s
1768,l
1768,a
1768,d
1768,i
1768,c
1768,e
6354,o
6354,s
6354,t
6354,a
6354,l
6354,e
6354, 
6354,j
6354,e
6354,d
6354,i
4419,k
4419,r
4419,u
4419,h
10751,s
10751,l
10751,a
10751,d
10751,i
10751,c
10751,e
11371,s
11371,l
11371,a
11371,d
11371,i
11371,c
11371,e
14485,p
14485,r
14485,e
14485,d
14485,j
14485,e
14485,d
14485,i
4126,e
4126,n
4126,o
4126,l
4126,o
4126,n
4126,č
4126,n
4126,i
4126,c
4126,e
3872,s
3872,l
3872,a
3872,d
3872,i
3872,c
3872,e
3761,s
3761,l
3761,a
3761,d
3761,i
3761,c
3761,e
12056,s
12056,l
12056,a
12056,d
12056,i
12056,c
12056,e
342,s
342,l
342,a
342,d
342,i
342,c
342,e
14632,s
14632,l
14632,a
14632,d
14632,i
14632,c
14632,e
6336,s
6336,l
6336,a
6336,d
6336,i
6336,c
6336,e
1423,e
1423,n
1423,o
1423,l
1423,o
1423,n
1423,č
1423,n
1423,i
1423,c
1423,e
18421,s
18421,l
18421,a
18421,d
18421,i
18421,c
18421,e
